eventID,eventName,awsRegion,userIdentity,source
1,CreatePolicy,eu-west-1,normal_user,SIMULATED
2,ConsoleLoginFailure,us-east-1,admin_user,SIMULATED
3,ConsoleLogin,eu-west-1,normal_user,SIMULATED
4,CreateAccessKey,eu-west-1,normal_user,SIMULATED
5,ConsoleLogin,us-east-1,normal_user,SIMULATED
6,DisableMFADevice,us-east-1,normal_user,SIMULATED
7,DisableMFADevice,eu-west-1,normal_user,SIMULATED
8,GetObject,ap-south-1,root,SIMULATED
9,ConsoleLogin,ap-south-1,admin_user,SIMULATED
10,ConsoleLoginFailure,eu-west-1,normal_user,SIMULATED
11,ConsoleLogin,us-east-1,admin_user,SIMULATED
12,CreatePolicy,eu-west-1,normal_user,SIMULATED
13,CreatePolicy,ap-south-1,normal_user,SIMULATED
14,CreateAccessKey,eu-west-1,root,SIMULATED
15,PutBucketPolicy,eu-west-1,root,SIMULATED
16,ConsoleLoginFailure,us-east-1,admin_user,SIMULATED
17,CreateAccessKey,us-east-1,normal_user,SIMULATED
18,CreateAccessKey,eu-west-1,admin_user,SIMULATED
19,ConsoleLogin,us-east-1,admin_user,SIMULATED
20,PutBucketPolicy,us-east-1,normal_user,SIMULATED
21,ConsoleLoginFailure,eu-west-1,root,SIMULATED
22,PutBucketPolicy,ap-south-1,admin_user,SIMULATED
23,ConsoleLogin,us-east-1,normal_user,SIMULATED
24,ConsoleLoginFailure,eu-west-1,admin_user,SIMULATED
25,ConsoleLoginFailure,us-east-1,normal_user,SIMULATED
26,GetObject,us-east-1,admin_user,SIMULATED
27,CreatePolicy,eu-west-1,root,SIMULATED
28,DisableMFADevice,eu-west-1,admin_user,SIMULATED
29,ConsoleLogin,eu-west-1,normal_user,SIMULATED
30,ConsoleLoginFailure,eu-west-1,admin_user,SIMULATED
31,ConsoleLogin,us-east-1,admin_user,SIMULATED
32,ConsoleLoginFailure,eu-west-1,root,SIMULATED
33,ConsoleLoginFailure,us-east-1,admin_user,SIMULATED
34,DisableMFADevice,ap-south-1,normal_user,SIMULATED
35,GetObject,eu-west-1,root,SIMULATED
36,ConsoleLogin,eu-west-1,normal_user,SIMULATED
37,ConsoleLoginFailure,eu-west-1,admin_user,SIMULATED
38,CreateAccessKey,eu-west-1,normal_user,SIMULATED
39,ConsoleLoginFailure,eu-west-1,admin_user,SIMULATED
40,CreatePolicy,us-east-1,root,SIMULATED
41,ConsoleLoginFailure,us-east-1,normal_user,SIMULATED
42,CreatePolicy,eu-west-1,normal_user,SIMULATED
43,GetObject,ap-south-1,root,SIMULATED
44,PutBucketPolicy,us-east-1,admin_user,SIMULATED
45,ConsoleLogin,us-east-1,root,SIMULATED
46,CreatePolicy,eu-west-1,root,SIMULATED
47,ConsoleLoginFailure,eu-west-1,normal_user,SIMULATED
48,PutBucketPolicy,eu-west-1,normal_user,SIMULATED
49,GetObject,us-east-1,admin_user,SIMULATED
50,CreatePolicy,us-east-1,admin_user,SIMULATED
51,ConsoleLogin,eu-west-1,root,SIMULATED
52,CreatePolicy,ap-south-1,admin_user,SIMULATED
53,CreateAccessKey,eu-west-1,root,SIMULATED
54,ConsoleLoginFailure,eu-west-1,root,SIMULATED
55,CreateAccessKey,ap-south-1,admin_user,SIMULATED
56,PutBucketPolicy,us-east-1,normal_user,SIMULATED
57,ConsoleLogin,eu-west-1,root,SIMULATED
58,DisableMFADevice,ap-south-1,admin_user,SIMULATED
59,ConsoleLoginFailure,ap-south-1,normal_user,SIMULATED
60,ConsoleLoginFailure,us-east-1,normal_user,SIMULATED
61,PutBucketPolicy,eu-west-1,normal_user,SIMULATED
62,CreatePolicy,eu-west-1,admin_user,SIMULATED
63,ConsoleLogin,ap-south-1,root,SIMULATED
64,DisableMFADevice,ap-south-1,normal_user,SIMULATED
65,GetObject,ap-south-1,admin_user,SIMULATED
66,ConsoleLogin,ap-south-1,admin_user,SIMULATED
67,ConsoleLoginFailure,eu-west-1,root,SIMULATED
68,CreateAccessKey,us-east-1,admin_user,SIMULATED
69,DisableMFADevice,eu-west-1,admin_user,SIMULATED
70,CreatePolicy,eu-west-1,normal_user,SIMULATED
71,CreateAccessKey,ap-south-1,admin_user,SIMULATED
72,CreateAccessKey,ap-south-1,admin_user,SIMULATED
73,PutBucketPolicy,us-east-1,admin_user,SIMULATED
74,CreateAccessKey,eu-west-1,root,SIMULATED
75,GetObject,us-east-1,admin_user,SIMULATED
76,PutBucketPolicy,us-east-1,admin_user,SIMULATED
77,ConsoleLogin,eu-west-1,admin_user,SIMULATED
78,DisableMFADevice,us-east-1,admin_user,SIMULATED
79,CreatePolicy,eu-west-1,admin_user,SIMULATED
80,CreateAccessKey,us-east-1,root,SIMULATED
81,PutBucketPolicy,us-east-1,root,SIMULATED
82,DisableMFADevice,eu-west-1,admin_user,SIMULATED
83,CreateAccessKey,eu-west-1,normal_user,SIMULATED
84,GetObject,ap-south-1,root,SIMULATED
85,ConsoleLogin,us-east-1,normal_user,SIMULATED
86,PutBucketPolicy,ap-south-1,root,SIMULATED
87,DisableMFADevice,ap-south-1,admin_user,SIMULATED
88,CreateAccessKey,eu-west-1,admin_user,SIMULATED
89,CreateAccessKey,ap-south-1,admin_user,SIMULATED
90,ConsoleLoginFailure,eu-west-1,normal_user,SIMULATED
91,GetObject,us-east-1,normal_user,SIMULATED
92,GetObject,ap-south-1,normal_user,SIMULATED
93,PutBucketPolicy,ap-south-1,root,SIMULATED
94,DisableMFADevice,eu-west-1,normal_user,SIMULATED
95,CreateAccessKey,eu-west-1,root,SIMULATED
96,CreateAccessKey,us-east-1,admin_user,SIMULATED
97,DisableMFADevice,us-east-1,admin_user,SIMULATED
98,CreateAccessKey,ap-south-1,root,SIMULATED
99,ConsoleLogin,eu-west-1,root,SIMULATED
100,DisableMFADevice,ap-south-1,normal_user,SIMULATED
101,ConsoleLoginFailure,ap-south-1,root,SIMULATED
102,CreateAccessKey,ap-south-1,root,SIMULATED
103,ConsoleLogin,eu-west-1,root,SIMULATED
104,CreateAccessKey,eu-west-1,normal_user,SIMULATED
105,CreateAccessKey,eu-west-1,normal_user,SIMULATED
106,GetObject,eu-west-1,admin_user,SIMULATED
107,ConsoleLogin,us-east-1,admin_user,SIMULATED
108,DisableMFADevice,ap-south-1,normal_user,SIMULATED
109,GetObject,us-east-1,admin_user,SIMULATED
110,GetObject,eu-west-1,normal_user,SIMULATED
111,ConsoleLoginFailure,eu-west-1,root,SIMULATED
112,CreateAccessKey,ap-south-1,normal_user,SIMULATED
113,CreatePolicy,ap-south-1,normal_user,SIMULATED
114,ConsoleLoginFailure,us-east-1,normal_user,SIMULATED
115,ConsoleLoginFailure,eu-west-1,admin_user,SIMULATED
116,CreateAccessKey,ap-south-1,normal_user,SIMULATED
117,ConsoleLogin,us-east-1,normal_user,SIMULATED
118,CreateAccessKey,eu-west-1,normal_user,SIMULATED
119,CreatePolicy,ap-south-1,admin_user,SIMULATED
120,GetObject,eu-west-1,admin_user,SIMULATED
121,DisableMFADevice,eu-west-1,normal_user,SIMULATED
122,ConsoleLoginFailure,eu-west-1,admin_user,SIMULATED
123,GetObject,us-east-1,root,SIMULATED
124,CreateAccessKey,ap-south-1,admin_user,SIMULATED
125,DisableMFADevice,eu-west-1,normal_user,SIMULATED
126,DisableMFADevice,ap-south-1,normal_user,SIMULATED
127,GetObject,us-east-1,normal_user,SIMULATED
128,PutBucketPolicy,us-east-1,normal_user,SIMULATED
129,GetObject,eu-west-1,root,SIMULATED
130,DisableMFADevice,eu-west-1,root,SIMULATED
131,CreateAccessKey,ap-south-1,normal_user,SIMULATED
132,ConsoleLogin,eu-west-1,root,SIMULATED
133,CreatePolicy,ap-south-1,admin_user,SIMULATED
134,GetObject,ap-south-1,root,SIMULATED
135,CreatePolicy,us-east-1,normal_user,SIMULATED
136,DisableMFADevice,us-east-1,root,SIMULATED
137,ConsoleLogin,eu-west-1,admin_user,SIMULATED
138,PutBucketPolicy,us-east-1,admin_user,SIMULATED
139,PutBucketPolicy,ap-south-1,root,SIMULATED
140,ConsoleLogin,us-east-1,normal_user,SIMULATED
141,GetObject,us-east-1,normal_user,SIMULATED
142,DisableMFADevice,us-east-1,root,SIMULATED
143,ConsoleLogin,eu-west-1,normal_user,SIMULATED
144,CreatePolicy,ap-south-1,admin_user,SIMULATED
145,CreateAccessKey,ap-south-1,root,SIMULATED
146,ConsoleLogin,eu-west-1,normal_user,SIMULATED
147,CreateAccessKey,ap-south-1,root,SIMULATED
148,PutBucketPolicy,ap-south-1,normal_user,SIMULATED
149,ConsoleLoginFailure,us-east-1,root,SIMULATED
150,PutBucketPolicy,us-east-1,normal_user,SIMULATED
151,PutBucketPolicy,us-east-1,root,SIMULATED
152,CreatePolicy,eu-west-1,admin_user,SIMULATED
153,PutBucketPolicy,us-east-1,admin_user,SIMULATED
154,CreateAccessKey,eu-west-1,root,SIMULATED
155,PutBucketPolicy,ap-south-1,normal_user,SIMULATED
156,ConsoleLoginFailure,us-east-1,root,SIMULATED
157,PutBucketPolicy,us-east-1,admin_user,SIMULATED
158,GetObject,us-east-1,root,SIMULATED
159,PutBucketPolicy,us-east-1,admin_user,SIMULATED
160,ConsoleLogin,ap-south-1,admin_user,SIMULATED
161,CreatePolicy,eu-west-1,root,SIMULATED
162,GetObject,ap-south-1,root,SIMULATED
163,PutBucketPolicy,ap-south-1,normal_user,SIMULATED
164,GetObject,ap-south-1,normal_user,SIMULATED
165,ConsoleLoginFailure,eu-west-1,admin_user,SIMULATED
166,ConsoleLogin,us-east-1,root,SIMULATED
167,ConsoleLoginFailure,ap-south-1,root,SIMULATED
168,CreatePolicy,eu-west-1,root,SIMULATED
169,ConsoleLogin,us-east-1,normal_user,SIMULATED
170,DisableMFADevice,ap-south-1,root,SIMULATED
171,ConsoleLoginFailure,eu-west-1,admin_user,SIMULATED
172,GetObject,ap-south-1,normal_user,SIMULATED
173,ConsoleLoginFailure,ap-south-1,root,SIMULATED
174,CreateAccessKey,eu-west-1,normal_user,SIMULATED
175,PutBucketPolicy,eu-west-1,admin_user,SIMULATED
176,DisableMFADevice,eu-west-1,root,SIMULATED
177,DisableMFADevice,us-east-1,normal_user,SIMULATED
178,PutBucketPolicy,eu-west-1,admin_user,SIMULATED
179,ConsoleLogin,eu-west-1,root,SIMULATED
180,CreateAccessKey,ap-south-1,normal_user,SIMULATED
181,PutBucketPolicy,eu-west-1,root,SIMULATED
182,PutBucketPolicy,ap-south-1,normal_user,SIMULATED
183,PutBucketPolicy,eu-west-1,normal_user,SIMULATED
184,CreatePolicy,eu-west-1,normal_user,SIMULATED
185,CreatePolicy,eu-west-1,root,SIMULATED
186,CreatePolicy,ap-south-1,root,SIMULATED
187,ConsoleLogin,ap-south-1,root,SIMULATED
188,CreateAccessKey,eu-west-1,admin_user,SIMULATED
189,GetObject,eu-west-1,admin_user,SIMULATED
190,CreatePolicy,us-east-1,normal_user,SIMULATED
191,PutBucketPolicy,ap-south-1,normal_user,SIMULATED
192,ConsoleLoginFailure,ap-south-1,root,SIMULATED
193,PutBucketPolicy,ap-south-1,root,SIMULATED
194,PutBucketPolicy,eu-west-1,admin_user,SIMULATED
195,CreateAccessKey,eu-west-1,root,SIMULATED
196,PutBucketPolicy,ap-south-1,admin_user,SIMULATED
197,PutBucketPolicy,us-east-1,admin_user,SIMULATED
198,GetObject,ap-south-1,admin_user,SIMULATED
199,CreateAccessKey,ap-south-1,root,SIMULATED
200,CreateAccessKey,eu-west-1,root,SIMULATED
201,PutBucketPolicy,eu-west-1,normal_user,SIMULATED
202,GetObject,eu-west-1,root,SIMULATED
203,DisableMFADevice,ap-south-1,root,SIMULATED
204,CreatePolicy,us-east-1,normal_user,SIMULATED
205,CreatePolicy,eu-west-1,admin_user,SIMULATED
206,PutBucketPolicy,us-east-1,admin_user,SIMULATED
207,DisableMFADevice,ap-south-1,admin_user,SIMULATED
208,ConsoleLoginFailure,ap-south-1,normal_user,SIMULATED
209,DisableMFADevice,ap-south-1,admin_user,SIMULATED
210,DisableMFADevice,us-east-1,root,SIMULATED
211,GetObject,ap-south-1,admin_user,SIMULATED
212,PutBucketPolicy,ap-south-1,admin_user,SIMULATED
213,ConsoleLogin,eu-west-1,normal_user,SIMULATED
214,CreateAccessKey,us-east-1,admin_user,SIMULATED
215,ConsoleLogin,us-east-1,root,SIMULATED
216,GetObject,us-east-1,root,SIMULATED
217,CreatePolicy,eu-west-1,admin_user,SIMULATED
218,DisableMFADevice,ap-south-1,admin_user,SIMULATED
219,ConsoleLoginFailure,us-east-1,root,SIMULATED
220,CreateAccessKey,us-east-1,normal_user,SIMULATED
221,GetObject,eu-west-1,root,SIMULATED
222,GetObject,ap-south-1,normal_user,SIMULATED
223,CreatePolicy,eu-west-1,normal_user,SIMULATED
224,DisableMFADevice,eu-west-1,admin_user,SIMULATED
225,CreateAccessKey,eu-west-1,normal_user,SIMULATED
226,DisableMFADevice,ap-south-1,root,SIMULATED
227,DisableMFADevice,ap-south-1,normal_user,SIMULATED
228,GetObject,us-east-1,normal_user,SIMULATED
229,DisableMFADevice,eu-west-1,admin_user,SIMULATED
230,CreatePolicy,eu-west-1,admin_user,SIMULATED
231,ConsoleLogin,ap-south-1,root,SIMULATED
232,CreatePolicy,us-east-1,normal_user,SIMULATED
233,CreatePolicy,ap-south-1,admin_user,SIMULATED
234,CreateAccessKey,ap-south-1,normal_user,SIMULATED
235,CreateAccessKey,eu-west-1,normal_user,SIMULATED
236,DisableMFADevice,us-east-1,normal_user,SIMULATED
237,ConsoleLoginFailure,eu-west-1,admin_user,SIMULATED
238,CreatePolicy,us-east-1,admin_user,SIMULATED
239,CreateAccessKey,ap-south-1,normal_user,SIMULATED
240,CreateAccessKey,us-east-1,admin_user,SIMULATED
241,DisableMFADevice,eu-west-1,normal_user,SIMULATED
242,PutBucketPolicy,us-east-1,admin_user,SIMULATED
243,ConsoleLoginFailure,us-east-1,normal_user,SIMULATED
244,ConsoleLoginFailure,us-east-1,normal_user,SIMULATED
245,CreatePolicy,ap-south-1,admin_user,SIMULATED
246,DisableMFADevice,us-east-1,normal_user,SIMULATED
247,ConsoleLogin,eu-west-1,admin_user,SIMULATED
248,ConsoleLoginFailure,us-east-1,normal_user,SIMULATED
249,DisableMFADevice,ap-south-1,root,SIMULATED
250,CreatePolicy,eu-west-1,root,SIMULATED
251,CreatePolicy,us-east-1,root,SIMULATED
252,ConsoleLogin,eu-west-1,normal_user,SIMULATED
253,CreateAccessKey,us-east-1,normal_user,SIMULATED
254,ConsoleLoginFailure,us-east-1,root,SIMULATED
255,ConsoleLoginFailure,us-east-1,root,SIMULATED
256,PutBucketPolicy,eu-west-1,root,SIMULATED
257,ConsoleLoginFailure,us-east-1,root,SIMULATED
258,CreateAccessKey,ap-south-1,admin_user,SIMULATED
259,GetObject,ap-south-1,normal_user,SIMULATED
260,ConsoleLogin,eu-west-1,admin_user,SIMULATED
261,ConsoleLoginFailure,ap-south-1,normal_user,SIMULATED
262,ConsoleLoginFailure,eu-west-1,root,SIMULATED
263,CreatePolicy,ap-south-1,root,SIMULATED
264,CreatePolicy,eu-west-1,normal_user,SIMULATED
265,DisableMFADevice,us-east-1,root,SIMULATED
266,PutBucketPolicy,us-east-1,root,SIMULATED
267,CreateAccessKey,us-east-1,normal_user,SIMULATED
268,DisableMFADevice,us-east-1,admin_user,SIMULATED
269,PutBucketPolicy,eu-west-1,admin_user,SIMULATED
270,ConsoleLoginFailure,ap-south-1,normal_user,SIMULATED
271,PutBucketPolicy,ap-south-1,normal_user,SIMULATED
272,ConsoleLogin,us-east-1,root,SIMULATED
273,ConsoleLoginFailure,eu-west-1,normal_user,SIMULATED
274,PutBucketPolicy,ap-south-1,root,SIMULATED
275,DisableMFADevice,eu-west-1,root,SIMULATED
276,GetObject,ap-south-1,admin_user,SIMULATED
277,ConsoleLoginFailure,eu-west-1,normal_user,SIMULATED
278,DisableMFADevice,us-east-1,root,SIMULATED
279,CreatePolicy,ap-south-1,normal_user,SIMULATED
280,CreatePolicy,ap-south-1,admin_user,SIMULATED
281,DisableMFADevice,eu-west-1,normal_user,SIMULATED
282,CreatePolicy,eu-west-1,normal_user,SIMULATED
283,DisableMFADevice,eu-west-1,admin_user,SIMULATED
284,CreatePolicy,eu-west-1,root,SIMULATED
285,CreatePolicy,us-east-1,admin_user,SIMULATED
286,PutBucketPolicy,eu-west-1,admin_user,SIMULATED
287,CreateAccessKey,eu-west-1,root,SIMULATED
288,DisableMFADevice,us-east-1,normal_user,SIMULATED
289,ConsoleLoginFailure,us-east-1,normal_user,SIMULATED
290,CreateAccessKey,eu-west-1,normal_user,SIMULATED
291,ConsoleLoginFailure,eu-west-1,root,SIMULATED
292,ConsoleLoginFailure,eu-west-1,normal_user,SIMULATED
293,CreatePolicy,ap-south-1,root,SIMULATED
294,PutBucketPolicy,ap-south-1,normal_user,SIMULATED
295,GetObject,ap-south-1,root,SIMULATED
296,GetObject,ap-south-1,normal_user,SIMULATED
297,CreateAccessKey,ap-south-1,root,SIMULATED
298,CreateAccessKey,ap-south-1,normal_user,SIMULATED
299,CreatePolicy,eu-west-1,root,SIMULATED
300,CreateAccessKey,eu-west-1,root,SIMULATED
301,ConsoleLogin,eu-west-1,normal_user,SIMULATED
302,ConsoleLogin,ap-south-1,normal_user,SIMULATED
303,CreateAccessKey,ap-south-1,root,SIMULATED
304,ConsoleLogin,ap-south-1,normal_user,SIMULATED
305,ConsoleLoginFailure,eu-west-1,root,SIMULATED
306,PutBucketPolicy,eu-west-1,root,SIMULATED
307,GetObject,eu-west-1,normal_user,SIMULATED
308,PutBucketPolicy,eu-west-1,normal_user,SIMULATED
309,CreatePolicy,us-east-1,root,SIMULATED
310,DisableMFADevice,us-east-1,admin_user,SIMULATED
311,DisableMFADevice,us-east-1,normal_user,SIMULATED
312,CreatePolicy,ap-south-1,normal_user,SIMULATED
313,ConsoleLogin,ap-south-1,admin_user,SIMULATED
314,GetObject,eu-west-1,root,SIMULATED
315,PutBucketPolicy,us-east-1,root,SIMULATED
316,CreateAccessKey,ap-south-1,normal_user,SIMULATED
317,ConsoleLoginFailure,eu-west-1,admin_user,SIMULATED
318,ConsoleLogin,us-east-1,admin_user,SIMULATED
319,DisableMFADevice,eu-west-1,normal_user,SIMULATED
320,ConsoleLoginFailure,ap-south-1,root,SIMULATED
321,GetObject,us-east-1,root,SIMULATED
322,CreatePolicy,ap-south-1,root,SIMULATED
323,CreateAccessKey,us-east-1,admin_user,SIMULATED
324,DisableMFADevice,us-east-1,normal_user,SIMULATED
325,CreateAccessKey,us-east-1,normal_user,SIMULATED
326,DisableMFADevice,eu-west-1,admin_user,SIMULATED
327,PutBucketPolicy,eu-west-1,admin_user,SIMULATED
328,GetObject,eu-west-1,root,SIMULATED
329,DisableMFADevice,eu-west-1,normal_user,SIMULATED
330,ConsoleLoginFailure,us-east-1,admin_user,SIMULATED
331,PutBucketPolicy,us-east-1,normal_user,SIMULATED
332,DisableMFADevice,ap-south-1,normal_user,SIMULATED
333,CreateAccessKey,us-east-1,admin_user,SIMULATED
334,CreateAccessKey,us-east-1,admin_user,SIMULATED
335,CreatePolicy,eu-west-1,normal_user,SIMULATED
336,GetObject,ap-south-1,admin_user,SIMULATED
337,ConsoleLogin,eu-west-1,root,SIMULATED
338,DisableMFADevice,eu-west-1,root,SIMULATED
339,PutBucketPolicy,us-east-1,root,SIMULATED
340,ConsoleLogin,us-east-1,admin_user,SIMULATED
341,GetObject,us-east-1,root,SIMULATED
342,CreatePolicy,eu-west-1,root,SIMULATED
343,DisableMFADevice,eu-west-1,admin_user,SIMULATED
344,ConsoleLoginFailure,us-east-1,admin_user,SIMULATED
345,ConsoleLoginFailure,ap-south-1,normal_user,SIMULATED
346,GetObject,us-east-1,normal_user,SIMULATED
347,CreateAccessKey,ap-south-1,admin_user,SIMULATED
348,DisableMFADevice,us-east-1,admin_user,SIMULATED
349,PutBucketPolicy,us-east-1,root,SIMULATED
350,CreateAccessKey,ap-south-1,admin_user,SIMULATED
351,CreateAccessKey,us-east-1,normal_user,SIMULATED
352,CreatePolicy,eu-west-1,normal_user,SIMULATED
353,DisableMFADevice,ap-south-1,root,SIMULATED
354,GetObject,eu-west-1,admin_user,SIMULATED
355,PutBucketPolicy,ap-south-1,root,SIMULATED
356,ConsoleLogin,us-east-1,normal_user,SIMULATED
357,ConsoleLogin,us-east-1,normal_user,SIMULATED
358,PutBucketPolicy,ap-south-1,normal_user,SIMULATED
359,GetObject,us-east-1,normal_user,SIMULATED
360,GetObject,us-east-1,admin_user,SIMULATED
361,CreatePolicy,ap-south-1,root,SIMULATED
362,PutBucketPolicy,eu-west-1,admin_user,SIMULATED
363,CreateAccessKey,us-east-1,normal_user,SIMULATED
364,ConsoleLogin,us-east-1,root,SIMULATED
365,PutBucketPolicy,us-east-1,admin_user,SIMULATED
366,PutBucketPolicy,eu-west-1,admin_user,SIMULATED
367,CreatePolicy,us-east-1,normal_user,SIMULATED
368,ConsoleLoginFailure,ap-south-1,admin_user,SIMULATED
369,CreatePolicy,eu-west-1,normal_user,SIMULATED
370,ConsoleLogin,eu-west-1,root,SIMULATED
371,ConsoleLogin,eu-west-1,normal_user,SIMULATED
372,CreatePolicy,us-east-1,root,SIMULATED
373,ConsoleLogin,eu-west-1,root,SIMULATED
374,ConsoleLoginFailure,us-east-1,admin_user,SIMULATED
375,CreateAccessKey,eu-west-1,normal_user,SIMULATED
376,DisableMFADevice,us-east-1,root,SIMULATED
377,DisableMFADevice,eu-west-1,normal_user,SIMULATED
378,CreatePolicy,ap-south-1,root,SIMULATED
379,PutBucketPolicy,us-east-1,admin_user,SIMULATED
380,DisableMFADevice,us-east-1,admin_user,SIMULATED
381,CreateAccessKey,eu-west-1,root,SIMULATED
382,ConsoleLoginFailure,eu-west-1,normal_user,SIMULATED
383,CreatePolicy,ap-south-1,admin_user,SIMULATED
384,ConsoleLogin,ap-south-1,normal_user,SIMULATED
385,CreateAccessKey,ap-south-1,root,SIMULATED
386,PutBucketPolicy,ap-south-1,normal_user,SIMULATED
387,DisableMFADevice,ap-south-1,root,SIMULATED
388,GetObject,us-east-1,admin_user,SIMULATED
389,ConsoleLoginFailure,ap-south-1,normal_user,SIMULATED
390,PutBucketPolicy,ap-south-1,root,SIMULATED
391,CreateAccessKey,us-east-1,root,SIMULATED
392,GetObject,us-east-1,root,SIMULATED
393,CreateAccessKey,us-east-1,normal_user,SIMULATED
394,ConsoleLoginFailure,ap-south-1,admin_user,SIMULATED
395,ConsoleLoginFailure,eu-west-1,normal_user,SIMULATED
396,CreatePolicy,ap-south-1,normal_user,SIMULATED
397,ConsoleLoginFailure,ap-south-1,root,SIMULATED
398,GetObject,us-east-1,admin_user,SIMULATED
399,ConsoleLogin,eu-west-1,admin_user,SIMULATED
400,GetObject,us-east-1,admin_user,SIMULATED
401,CreateAccessKey,us-east-1,root,SIMULATED
402,DisableMFADevice,ap-south-1,normal_user,SIMULATED
403,DisableMFADevice,us-east-1,normal_user,SIMULATED
404,ConsoleLoginFailure,ap-south-1,normal_user,SIMULATED
405,ConsoleLogin,us-east-1,admin_user,SIMULATED
406,ConsoleLogin,us-east-1,normal_user,SIMULATED
407,CreatePolicy,us-east-1,root,SIMULATED
408,DisableMFADevice,eu-west-1,normal_user,SIMULATED
409,ConsoleLogin,us-east-1,root,SIMULATED
410,CreatePolicy,us-east-1,admin_user,SIMULATED
411,CreatePolicy,eu-west-1,normal_user,SIMULATED
412,GetObject,us-east-1,normal_user,SIMULATED
413,CreatePolicy,ap-south-1,normal_user,SIMULATED
414,PutBucketPolicy,us-east-1,normal_user,SIMULATED
415,ConsoleLogin,eu-west-1,normal_user,SIMULATED
416,CreatePolicy,us-east-1,normal_user,SIMULATED
417,ConsoleLogin,eu-west-1,root,SIMULATED
418,PutBucketPolicy,us-east-1,admin_user,SIMULATED
419,DisableMFADevice,ap-south-1,root,SIMULATED
420,CreatePolicy,eu-west-1,admin_user,SIMULATED
421,GetObject,ap-south-1,root,SIMULATED
422,ConsoleLoginFailure,us-east-1,admin_user,SIMULATED
423,DisableMFADevice,eu-west-1,normal_user,SIMULATED
424,PutBucketPolicy,us-east-1,admin_user,SIMULATED
425,ConsoleLoginFailure,ap-south-1,admin_user,SIMULATED
426,CreatePolicy,us-east-1,root,SIMULATED
427,ConsoleLogin,us-east-1,normal_user,SIMULATED
428,CreateAccessKey,ap-south-1,normal_user,SIMULATED
429,ConsoleLoginFailure,us-east-1,admin_user,SIMULATED
430,CreateAccessKey,eu-west-1,normal_user,SIMULATED
431,CreateAccessKey,us-east-1,admin_user,SIMULATED
432,ConsoleLogin,us-east-1,normal_user,SIMULATED
433,PutBucketPolicy,ap-south-1,normal_user,SIMULATED
434,CreateAccessKey,eu-west-1,normal_user,SIMULATED
435,CreatePolicy,eu-west-1,admin_user,SIMULATED
436,GetObject,eu-west-1,normal_user,SIMULATED
437,CreatePolicy,ap-south-1,normal_user,SIMULATED
438,DisableMFADevice,ap-south-1,normal_user,SIMULATED
439,PutBucketPolicy,eu-west-1,root,SIMULATED
440,CreatePolicy,us-east-1,root,SIMULATED
441,ConsoleLoginFailure,eu-west-1,normal_user,SIMULATED
442,ConsoleLogin,us-east-1,normal_user,SIMULATED
443,ConsoleLogin,us-east-1,root,SIMULATED
444,CreateAccessKey,eu-west-1,normal_user,SIMULATED
445,GetObject,ap-south-1,normal_user,SIMULATED
446,CreateAccessKey,ap-south-1,normal_user,SIMULATED
447,GetObject,ap-south-1,admin_user,SIMULATED
448,GetObject,eu-west-1,normal_user,SIMULATED
449,PutBucketPolicy,us-east-1,root,SIMULATED
450,DisableMFADevice,eu-west-1,normal_user,SIMULATED
451,PutBucketPolicy,eu-west-1,admin_user,SIMULATED
452,ConsoleLoginFailure,ap-south-1,normal_user,SIMULATED
453,ConsoleLogin,us-east-1,normal_user,SIMULATED
454,CreateAccessKey,eu-west-1,admin_user,SIMULATED
455,GetObject,ap-south-1,root,SIMULATED
456,CreatePolicy,ap-south-1,normal_user,SIMULATED
457,DisableMFADevice,us-east-1,admin_user,SIMULATED
458,PutBucketPolicy,ap-south-1,root,SIMULATED
459,CreateAccessKey,us-east-1,admin_user,SIMULATED
460,GetObject,us-east-1,normal_user,SIMULATED
461,PutBucketPolicy,us-east-1,admin_user,SIMULATED
462,ConsoleLogin,us-east-1,admin_user,SIMULATED
463,CreateAccessKey,eu-west-1,normal_user,SIMULATED
464,ConsoleLogin,eu-west-1,normal_user,SIMULATED
465,ConsoleLoginFailure,eu-west-1,normal_user,SIMULATED
466,ConsoleLoginFailure,ap-south-1,admin_user,SIMULATED
467,PutBucketPolicy,us-east-1,admin_user,SIMULATED
468,DisableMFADevice,ap-south-1,root,SIMULATED
469,PutBucketPolicy,eu-west-1,normal_user,SIMULATED
470,PutBucketPolicy,eu-west-1,root,SIMULATED
471,DisableMFADevice,eu-west-1,admin_user,SIMULATED
472,ConsoleLogin,ap-south-1,admin_user,SIMULATED
473,ConsoleLogin,us-east-1,normal_user,SIMULATED
474,GetObject,us-east-1,normal_user,SIMULATED
475,ConsoleLoginFailure,eu-west-1,normal_user,SIMULATED
476,ConsoleLoginFailure,us-east-1,root,SIMULATED
477,ConsoleLogin,ap-south-1,normal_user,SIMULATED
478,ConsoleLogin,ap-south-1,normal_user,SIMULATED
479,ConsoleLoginFailure,eu-west-1,normal_user,SIMULATED
480,CreateAccessKey,us-east-1,admin_user,SIMULATED
481,PutBucketPolicy,ap-south-1,normal_user,SIMULATED
482,PutBucketPolicy,ap-south-1,admin_user,SIMULATED
483,GetObject,us-east-1,admin_user,SIMULATED
484,DisableMFADevice,eu-west-1,root,SIMULATED
485,CreateAccessKey,ap-south-1,root,SIMULATED
486,ConsoleLoginFailure,ap-south-1,root,SIMULATED
487,CreateAccessKey,eu-west-1,root,SIMULATED
488,CreatePolicy,ap-south-1,normal_user,SIMULATED
489,CreateAccessKey,us-east-1,normal_user,SIMULATED
490,CreateAccessKey,eu-west-1,admin_user,SIMULATED
491,GetObject,us-east-1,admin_user,SIMULATED
492,ConsoleLogin,us-east-1,admin_user,SIMULATED
493,ConsoleLoginFailure,ap-south-1,normal_user,SIMULATED
494,DisableMFADevice,us-east-1,admin_user,SIMULATED
495,DisableMFADevice,eu-west-1,normal_user,SIMULATED
496,CreatePolicy,eu-west-1,normal_user,SIMULATED
497,CreatePolicy,eu-west-1,root,SIMULATED
498,ConsoleLogin,eu-west-1,normal_user,SIMULATED
499,ConsoleLoginFailure,eu-west-1,normal_user,SIMULATED
500,PutBucketPolicy,us-east-1,normal_user,SIMULATED
501,ConsoleLogin,ap-south-1,root,SIMULATED
502,DisableMFADevice,ap-south-1,admin_user,SIMULATED
503,ConsoleLoginFailure,eu-west-1,root,SIMULATED
504,GetObject,eu-west-1,root,SIMULATED
505,GetObject,ap-south-1,root,SIMULATED
506,CreatePolicy,ap-south-1,admin_user,SIMULATED
507,ConsoleLoginFailure,us-east-1,normal_user,SIMULATED
508,DisableMFADevice,ap-south-1,admin_user,SIMULATED
509,PutBucketPolicy,us-east-1,admin_user,SIMULATED
510,GetObject,eu-west-1,root,SIMULATED
511,GetObject,us-east-1,admin_user,SIMULATED
512,ConsoleLoginFailure,us-east-1,admin_user,SIMULATED
513,ConsoleLoginFailure,eu-west-1,normal_user,SIMULATED
514,CreatePolicy,ap-south-1,normal_user,SIMULATED
515,CreateAccessKey,us-east-1,admin_user,SIMULATED
516,CreateAccessKey,eu-west-1,root,SIMULATED
517,ConsoleLoginFailure,us-east-1,admin_user,SIMULATED
518,CreateAccessKey,us-east-1,normal_user,SIMULATED
519,GetObject,ap-south-1,admin_user,SIMULATED
520,CreatePolicy,eu-west-1,root,SIMULATED
521,PutBucketPolicy,us-east-1,normal_user,SIMULATED
522,ConsoleLogin,eu-west-1,root,SIMULATED
523,GetObject,us-east-1,normal_user,SIMULATED
524,DisableMFADevice,eu-west-1,root,SIMULATED
525,CreateAccessKey,us-east-1,normal_user,SIMULATED
526,ConsoleLogin,eu-west-1,root,SIMULATED
527,CreateAccessKey,ap-south-1,normal_user,SIMULATED
528,DisableMFADevice,eu-west-1,root,SIMULATED
529,GetObject,ap-south-1,normal_user,SIMULATED
530,CreatePolicy,eu-west-1,root,SIMULATED
531,ConsoleLogin,ap-south-1,root,SIMULATED
532,GetObject,ap-south-1,admin_user,SIMULATED
533,PutBucketPolicy,ap-south-1,admin_user,SIMULATED
534,ConsoleLoginFailure,ap-south-1,admin_user,SIMULATED
535,DisableMFADevice,ap-south-1,normal_user,SIMULATED
536,CreateAccessKey,ap-south-1,root,SIMULATED
537,DisableMFADevice,us-east-1,root,SIMULATED
538,CreateAccessKey,us-east-1,root,SIMULATED
539,DisableMFADevice,us-east-1,admin_user,SIMULATED
540,CreatePolicy,eu-west-1,root,SIMULATED
541,ConsoleLoginFailure,us-east-1,root,SIMULATED
542,CreateAccessKey,ap-south-1,normal_user,SIMULATED
543,ConsoleLoginFailure,ap-south-1,admin_user,SIMULATED
544,DisableMFADevice,eu-west-1,normal_user,SIMULATED
545,CreatePolicy,us-east-1,root,SIMULATED
546,DisableMFADevice,us-east-1,root,SIMULATED
547,CreateAccessKey,ap-south-1,normal_user,SIMULATED
548,PutBucketPolicy,us-east-1,normal_user,SIMULATED
549,ConsoleLogin,ap-south-1,admin_user,SIMULATED
550,CreateAccessKey,us-east-1,normal_user,SIMULATED
551,GetObject,ap-south-1,admin_user,SIMULATED
552,ConsoleLoginFailure,eu-west-1,admin_user,SIMULATED
553,CreateAccessKey,eu-west-1,normal_user,SIMULATED
554,ConsoleLogin,eu-west-1,normal_user,SIMULATED
555,CreateAccessKey,us-east-1,normal_user,SIMULATED
556,ConsoleLogin,eu-west-1,admin_user,SIMULATED
557,CreateAccessKey,eu-west-1,admin_user,SIMULATED
558,GetObject,us-east-1,root,SIMULATED
559,DisableMFADevice,eu-west-1,root,SIMULATED
560,CreateAccessKey,us-east-1,admin_user,SIMULATED
561,DisableMFADevice,us-east-1,normal_user,SIMULATED
562,ConsoleLogin,us-east-1,admin_user,SIMULATED
563,CreateAccessKey,eu-west-1,root,SIMULATED
564,PutBucketPolicy,eu-west-1,admin_user,SIMULATED
565,CreateAccessKey,us-east-1,admin_user,SIMULATED
566,DisableMFADevice,us-east-1,admin_user,SIMULATED
567,CreatePolicy,ap-south-1,root,SIMULATED
568,DisableMFADevice,ap-south-1,admin_user,SIMULATED
569,ConsoleLogin,us-east-1,admin_user,SIMULATED
570,PutBucketPolicy,us-east-1,normal_user,SIMULATED
571,CreatePolicy,ap-south-1,normal_user,SIMULATED
572,PutBucketPolicy,ap-south-1,root,SIMULATED
573,CreateAccessKey,ap-south-1,root,SIMULATED
574,PutBucketPolicy,us-east-1,root,SIMULATED
575,ConsoleLogin,us-east-1,admin_user,SIMULATED
576,ConsoleLoginFailure,us-east-1,normal_user,SIMULATED
577,ConsoleLogin,ap-south-1,normal_user,SIMULATED
578,ConsoleLogin,eu-west-1,normal_user,SIMULATED
579,GetObject,us-east-1,root,SIMULATED
580,PutBucketPolicy,ap-south-1,normal_user,SIMULATED
581,DisableMFADevice,us-east-1,admin_user,SIMULATED
582,ConsoleLogin,eu-west-1,admin_user,SIMULATED
583,DisableMFADevice,eu-west-1,normal_user,SIMULATED
584,ConsoleLoginFailure,us-east-1,normal_user,SIMULATED
585,DisableMFADevice,ap-south-1,normal_user,SIMULATED
586,GetObject,us-east-1,root,SIMULATED
587,CreatePolicy,eu-west-1,root,SIMULATED
588,CreatePolicy,ap-south-1,root,SIMULATED
589,ConsoleLoginFailure,us-east-1,root,SIMULATED
590,GetObject,us-east-1,root,SIMULATED
591,GetObject,us-east-1,normal_user,SIMULATED
592,CreatePolicy,us-east-1,root,SIMULATED
593,PutBucketPolicy,ap-south-1,root,SIMULATED
594,GetObject,ap-south-1,admin_user,SIMULATED
595,DisableMFADevice,us-east-1,admin_user,SIMULATED
596,CreateAccessKey,ap-south-1,root,SIMULATED
597,PutBucketPolicy,us-east-1,root,SIMULATED
598,GetObject,eu-west-1,admin_user,SIMULATED
599,GetObject,us-east-1,normal_user,SIMULATED
600,ConsoleLogin,eu-west-1,normal_user,SIMULATED
601,ConsoleLoginFailure,ap-south-1,root,SIMULATED
602,CreateAccessKey,ap-south-1,root,SIMULATED
603,CreateAccessKey,ap-south-1,root,SIMULATED
604,PutBucketPolicy,eu-west-1,normal_user,SIMULATED
605,PutBucketPolicy,ap-south-1,normal_user,SIMULATED
606,ConsoleLogin,ap-south-1,normal_user,SIMULATED
607,CreatePolicy,us-east-1,root,SIMULATED
608,CreateAccessKey,us-east-1,admin_user,SIMULATED
609,DisableMFADevice,ap-south-1,admin_user,SIMULATED
610,CreateAccessKey,eu-west-1,normal_user,SIMULATED
611,ConsoleLoginFailure,us-east-1,admin_user,SIMULATED
612,ConsoleLogin,eu-west-1,admin_user,SIMULATED
613,GetObject,eu-west-1,normal_user,SIMULATED
614,CreatePolicy,us-east-1,root,SIMULATED
615,DisableMFADevice,us-east-1,admin_user,SIMULATED
616,ConsoleLoginFailure,us-east-1,normal_user,SIMULATED
617,ConsoleLogin,eu-west-1,normal_user,SIMULATED
618,ConsoleLogin,ap-south-1,root,SIMULATED
619,GetObject,ap-south-1,normal_user,SIMULATED
620,PutBucketPolicy,ap-south-1,normal_user,SIMULATED
621,CreatePolicy,eu-west-1,root,SIMULATED
622,PutBucketPolicy,ap-south-1,admin_user,SIMULATED
623,PutBucketPolicy,eu-west-1,root,SIMULATED
624,CreateAccessKey,us-east-1,normal_user,SIMULATED
625,CreateAccessKey,eu-west-1,admin_user,SIMULATED
626,CreateAccessKey,ap-south-1,admin_user,SIMULATED
627,ConsoleLoginFailure,us-east-1,root,SIMULATED
628,DisableMFADevice,ap-south-1,normal_user,SIMULATED
629,GetObject,eu-west-1,normal_user,SIMULATED
630,ConsoleLogin,us-east-1,root,SIMULATED
631,GetObject,ap-south-1,root,SIMULATED
632,ConsoleLogin,eu-west-1,normal_user,SIMULATED
633,ConsoleLogin,eu-west-1,normal_user,SIMULATED
634,PutBucketPolicy,us-east-1,admin_user,SIMULATED
635,CreatePolicy,eu-west-1,normal_user,SIMULATED
636,ConsoleLogin,ap-south-1,admin_user,SIMULATED
637,CreateAccessKey,us-east-1,root,SIMULATED
638,ConsoleLoginFailure,eu-west-1,admin_user,SIMULATED
639,CreateAccessKey,ap-south-1,normal_user,SIMULATED
640,ConsoleLoginFailure,eu-west-1,root,SIMULATED
641,ConsoleLogin,ap-south-1,root,SIMULATED
642,DisableMFADevice,us-east-1,root,SIMULATED
643,PutBucketPolicy,eu-west-1,normal_user,SIMULATED
644,ConsoleLogin,ap-south-1,root,SIMULATED
645,PutBucketPolicy,us-east-1,root,SIMULATED
646,CreatePolicy,ap-south-1,root,SIMULATED
647,ConsoleLogin,ap-south-1,admin_user,SIMULATED
648,DisableMFADevice,ap-south-1,normal_user,SIMULATED
649,CreateAccessKey,ap-south-1,root,SIMULATED
650,DisableMFADevice,us-east-1,normal_user,SIMULATED
651,CreatePolicy,us-east-1,root,SIMULATED
652,PutBucketPolicy,ap-south-1,admin_user,SIMULATED
653,CreatePolicy,eu-west-1,normal_user,SIMULATED
654,ConsoleLoginFailure,us-east-1,root,SIMULATED
655,DisableMFADevice,us-east-1,admin_user,SIMULATED
656,CreateAccessKey,us-east-1,root,SIMULATED
657,CreateAccessKey,us-east-1,normal_user,SIMULATED
658,CreateAccessKey,eu-west-1,normal_user,SIMULATED
659,DisableMFADevice,eu-west-1,admin_user,SIMULATED
660,ConsoleLoginFailure,us-east-1,admin_user,SIMULATED
661,CreateAccessKey,eu-west-1,admin_user,SIMULATED
662,PutBucketPolicy,ap-south-1,normal_user,SIMULATED
663,CreateAccessKey,us-east-1,root,SIMULATED
664,ConsoleLogin,eu-west-1,normal_user,SIMULATED
665,CreatePolicy,eu-west-1,root,SIMULATED
666,CreateAccessKey,us-east-1,root,SIMULATED
667,ConsoleLogin,us-east-1,admin_user,SIMULATED
668,PutBucketPolicy,ap-south-1,root,SIMULATED
669,ConsoleLogin,eu-west-1,normal_user,SIMULATED
670,CreateAccessKey,ap-south-1,root,SIMULATED
671,DisableMFADevice,eu-west-1,root,SIMULATED
672,ConsoleLogin,us-east-1,normal_user,SIMULATED
673,PutBucketPolicy,ap-south-1,root,SIMULATED
674,CreatePolicy,ap-south-1,root,SIMULATED
675,CreateAccessKey,eu-west-1,admin_user,SIMULATED
676,ConsoleLogin,ap-south-1,admin_user,SIMULATED
677,ConsoleLogin,eu-west-1,admin_user,SIMULATED
678,ConsoleLogin,ap-south-1,admin_user,SIMULATED
679,ConsoleLogin,us-east-1,admin_user,SIMULATED
680,DisableMFADevice,us-east-1,admin_user,SIMULATED
681,CreateAccessKey,us-east-1,admin_user,SIMULATED
682,ConsoleLogin,eu-west-1,admin_user,SIMULATED
683,ConsoleLogin,us-east-1,admin_user,SIMULATED
684,CreatePolicy,us-east-1,normal_user,SIMULATED
685,DisableMFADevice,us-east-1,normal_user,SIMULATED
686,DisableMFADevice,us-east-1,normal_user,SIMULATED
687,ConsoleLoginFailure,eu-west-1,admin_user,SIMULATED
688,PutBucketPolicy,eu-west-1,root,SIMULATED
689,CreatePolicy,us-east-1,normal_user,SIMULATED
690,ConsoleLogin,us-east-1,root,SIMULATED
691,PutBucketPolicy,eu-west-1,normal_user,SIMULATED
692,ConsoleLoginFailure,eu-west-1,root,SIMULATED
693,DisableMFADevice,ap-south-1,root,SIMULATED
694,ConsoleLoginFailure,ap-south-1,admin_user,SIMULATED
695,ConsoleLoginFailure,us-east-1,admin_user,SIMULATED
696,CreateAccessKey,us-east-1,normal_user,SIMULATED
697,ConsoleLogin,us-east-1,normal_user,SIMULATED
698,CreateAccessKey,us-east-1,normal_user,SIMULATED
699,GetObject,eu-west-1,normal_user,SIMULATED
700,CreatePolicy,us-east-1,normal_user,SIMULATED
701,DisableMFADevice,us-east-1,root,SIMULATED
702,GetObject,ap-south-1,admin_user,SIMULATED
703,GetObject,us-east-1,normal_user,SIMULATED
704,ConsoleLogin,ap-south-1,root,SIMULATED
705,ConsoleLoginFailure,ap-south-1,normal_user,SIMULATED
706,CreatePolicy,eu-west-1,admin_user,SIMULATED
707,DisableMFADevice,eu-west-1,root,SIMULATED
708,ConsoleLogin,us-east-1,root,SIMULATED
709,GetObject,ap-south-1,admin_user,SIMULATED
710,CreateAccessKey,us-east-1,root,SIMULATED
711,DisableMFADevice,us-east-1,normal_user,SIMULATED
712,GetObject,ap-south-1,root,SIMULATED
713,GetObject,eu-west-1,normal_user,SIMULATED
714,DisableMFADevice,us-east-1,normal_user,SIMULATED
715,CreatePolicy,ap-south-1,root,SIMULATED
716,CreatePolicy,ap-south-1,admin_user,SIMULATED
717,ConsoleLogin,us-east-1,admin_user,SIMULATED
718,ConsoleLoginFailure,us-east-1,admin_user,SIMULATED
719,CreateAccessKey,eu-west-1,normal_user,SIMULATED
720,CreatePolicy,ap-south-1,normal_user,SIMULATED
721,GetObject,eu-west-1,normal_user,SIMULATED
722,PutBucketPolicy,us-east-1,root,SIMULATED
723,CreateAccessKey,us-east-1,root,SIMULATED
724,CreatePolicy,ap-south-1,admin_user,SIMULATED
725,CreatePolicy,ap-south-1,normal_user,SIMULATED
726,PutBucketPolicy,us-east-1,root,SIMULATED
727,DisableMFADevice,ap-south-1,admin_user,SIMULATED
728,PutBucketPolicy,eu-west-1,normal_user,SIMULATED
729,CreatePolicy,us-east-1,root,SIMULATED
730,GetObject,eu-west-1,admin_user,SIMULATED
731,ConsoleLoginFailure,ap-south-1,normal_user,SIMULATED
732,GetObject,eu-west-1,root,SIMULATED
733,ConsoleLoginFailure,ap-south-1,root,SIMULATED
734,PutBucketPolicy,eu-west-1,normal_user,SIMULATED
735,GetObject,eu-west-1,normal_user,SIMULATED
736,ConsoleLogin,ap-south-1,normal_user,SIMULATED
737,DisableMFADevice,us-east-1,root,SIMULATED
738,ConsoleLogin,eu-west-1,root,SIMULATED
739,ConsoleLogin,us-east-1,admin_user,SIMULATED
740,DisableMFADevice,ap-south-1,admin_user,SIMULATED
741,CreateAccessKey,eu-west-1,normal_user,SIMULATED
742,PutBucketPolicy,us-east-1,admin_user,SIMULATED
743,CreatePolicy,ap-south-1,normal_user,SIMULATED
744,DisableMFADevice,eu-west-1,normal_user,SIMULATED
745,ConsoleLoginFailure,us-east-1,normal_user,SIMULATED
746,CreatePolicy,ap-south-1,root,SIMULATED
747,PutBucketPolicy,ap-south-1,normal_user,SIMULATED
748,CreateAccessKey,eu-west-1,root,SIMULATED
749,CreatePolicy,us-east-1,root,SIMULATED
750,ConsoleLoginFailure,eu-west-1,root,SIMULATED
751,PutBucketPolicy,eu-west-1,root,SIMULATED
752,DisableMFADevice,us-east-1,admin_user,SIMULATED
753,ConsoleLoginFailure,ap-south-1,admin_user,SIMULATED
754,CreateAccessKey,us-east-1,admin_user,SIMULATED
755,ConsoleLoginFailure,us-east-1,admin_user,SIMULATED
756,PutBucketPolicy,eu-west-1,root,SIMULATED
757,CreatePolicy,eu-west-1,root,SIMULATED
758,ConsoleLoginFailure,eu-west-1,root,SIMULATED
759,CreateAccessKey,eu-west-1,normal_user,SIMULATED
760,ConsoleLoginFailure,ap-south-1,admin_user,SIMULATED
761,CreatePolicy,eu-west-1,admin_user,SIMULATED
762,ConsoleLoginFailure,us-east-1,normal_user,SIMULATED
763,PutBucketPolicy,eu-west-1,root,SIMULATED
764,DisableMFADevice,ap-south-1,root,SIMULATED
765,DisableMFADevice,us-east-1,admin_user,SIMULATED
766,DisableMFADevice,eu-west-1,normal_user,SIMULATED
767,DisableMFADevice,eu-west-1,normal_user,SIMULATED
768,CreatePolicy,eu-west-1,normal_user,SIMULATED
769,CreateAccessKey,ap-south-1,root,SIMULATED
770,CreatePolicy,ap-south-1,normal_user,SIMULATED
771,DisableMFADevice,us-east-1,normal_user,SIMULATED
772,GetObject,eu-west-1,normal_user,SIMULATED
773,CreateAccessKey,ap-south-1,root,SIMULATED
774,ConsoleLogin,us-east-1,root,SIMULATED
775,ConsoleLoginFailure,us-east-1,normal_user,SIMULATED
776,ConsoleLoginFailure,eu-west-1,root,SIMULATED
777,ConsoleLogin,ap-south-1,root,SIMULATED
778,ConsoleLoginFailure,eu-west-1,normal_user,SIMULATED
779,CreatePolicy,eu-west-1,normal_user,SIMULATED
780,PutBucketPolicy,eu-west-1,admin_user,SIMULATED
781,DisableMFADevice,us-east-1,root,SIMULATED
782,GetObject,us-east-1,admin_user,SIMULATED
783,CreateAccessKey,eu-west-1,admin_user,SIMULATED
784,ConsoleLoginFailure,ap-south-1,root,SIMULATED
785,CreatePolicy,us-east-1,normal_user,SIMULATED
786,CreateAccessKey,us-east-1,root,SIMULATED
787,ConsoleLoginFailure,eu-west-1,root,SIMULATED
788,CreatePolicy,eu-west-1,root,SIMULATED
789,CreateAccessKey,ap-south-1,admin_user,SIMULATED
790,DisableMFADevice,us-east-1,normal_user,SIMULATED
791,DisableMFADevice,ap-south-1,normal_user,SIMULATED
792,GetObject,ap-south-1,normal_user,SIMULATED
793,PutBucketPolicy,ap-south-1,root,SIMULATED
794,GetObject,ap-south-1,admin_user,SIMULATED
795,PutBucketPolicy,eu-west-1,root,SIMULATED
796,ConsoleLogin,ap-south-1,root,SIMULATED
797,CreatePolicy,eu-west-1,admin_user,SIMULATED
798,ConsoleLogin,eu-west-1,root,SIMULATED
799,CreateAccessKey,eu-west-1,normal_user,SIMULATED
800,CreatePolicy,us-east-1,normal_user,SIMULATED
801,DisableMFADevice,us-east-1,normal_user,SIMULATED
802,DisableMFADevice,us-east-1,normal_user,SIMULATED
803,DisableMFADevice,eu-west-1,root,SIMULATED
804,CreateAccessKey,eu-west-1,admin_user,SIMULATED
805,GetObject,us-east-1,root,SIMULATED
806,ConsoleLoginFailure,eu-west-1,normal_user,SIMULATED
807,ConsoleLoginFailure,ap-south-1,root,SIMULATED
808,ConsoleLoginFailure,us-east-1,normal_user,SIMULATED
809,PutBucketPolicy,us-east-1,normal_user,SIMULATED
810,CreateAccessKey,us-east-1,admin_user,SIMULATED
811,DisableMFADevice,eu-west-1,normal_user,SIMULATED
812,CreateAccessKey,ap-south-1,admin_user,SIMULATED
813,GetObject,eu-west-1,normal_user,SIMULATED
814,ConsoleLoginFailure,eu-west-1,normal_user,SIMULATED
815,CreateAccessKey,us-east-1,admin_user,SIMULATED
816,ConsoleLoginFailure,ap-south-1,root,SIMULATED
817,CreatePolicy,ap-south-1,root,SIMULATED
818,CreateAccessKey,eu-west-1,root,SIMULATED
819,GetObject,ap-south-1,normal_user,SIMULATED
820,PutBucketPolicy,us-east-1,normal_user,SIMULATED
821,CreateAccessKey,ap-south-1,admin_user,SIMULATED
822,ConsoleLoginFailure,eu-west-1,root,SIMULATED
823,ConsoleLoginFailure,us-east-1,root,SIMULATED
824,ConsoleLogin,us-east-1,root,SIMULATED
825,PutBucketPolicy,eu-west-1,root,SIMULATED
826,ConsoleLogin,eu-west-1,normal_user,SIMULATED
827,ConsoleLoginFailure,ap-south-1,root,SIMULATED
828,ConsoleLogin,ap-south-1,root,SIMULATED
829,ConsoleLoginFailure,ap-south-1,root,SIMULATED
830,CreateAccessKey,eu-west-1,admin_user,SIMULATED
831,GetObject,ap-south-1,normal_user,SIMULATED
832,CreatePolicy,us-east-1,root,SIMULATED
833,CreatePolicy,eu-west-1,admin_user,SIMULATED
834,DisableMFADevice,ap-south-1,normal_user,SIMULATED
835,PutBucketPolicy,us-east-1,root,SIMULATED
836,GetObject,ap-south-1,root,SIMULATED
837,PutBucketPolicy,us-east-1,admin_user,SIMULATED
838,GetObject,ap-south-1,root,SIMULATED
839,CreatePolicy,eu-west-1,root,SIMULATED
840,GetObject,eu-west-1,root,SIMULATED
841,PutBucketPolicy,eu-west-1,normal_user,SIMULATED
842,ConsoleLoginFailure,us-east-1,admin_user,SIMULATED
843,CreateAccessKey,eu-west-1,root,SIMULATED
844,CreatePolicy,eu-west-1,normal_user,SIMULATED
845,GetObject,ap-south-1,admin_user,SIMULATED
846,CreatePolicy,eu-west-1,normal_user,SIMULATED
847,DisableMFADevice,eu-west-1,root,SIMULATED
848,CreatePolicy,eu-west-1,root,SIMULATED
849,ConsoleLogin,eu-west-1,normal_user,SIMULATED
850,DisableMFADevice,eu-west-1,admin_user,SIMULATED
851,ConsoleLogin,ap-south-1,normal_user,SIMULATED
852,GetObject,ap-south-1,root,SIMULATED
853,PutBucketPolicy,ap-south-1,normal_user,SIMULATED
854,GetObject,us-east-1,normal_user,SIMULATED
855,GetObject,ap-south-1,normal_user,SIMULATED
856,GetObject,eu-west-1,root,SIMULATED
857,CreateAccessKey,eu-west-1,root,SIMULATED
858,CreateAccessKey,eu-west-1,root,SIMULATED
859,CreateAccessKey,eu-west-1,root,SIMULATED
860,GetObject,ap-south-1,admin_user,SIMULATED
861,ConsoleLoginFailure,eu-west-1,admin_user,SIMULATED
862,CreateAccessKey,us-east-1,admin_user,SIMULATED
863,GetObject,eu-west-1,normal_user,SIMULATED
864,ConsoleLogin,us-east-1,root,SIMULATED
865,PutBucketPolicy,us-east-1,normal_user,SIMULATED
866,ConsoleLogin,us-east-1,admin_user,SIMULATED
867,ConsoleLoginFailure,ap-south-1,admin_user,SIMULATED
868,CreateAccessKey,eu-west-1,normal_user,SIMULATED
869,GetObject,ap-south-1,normal_user,SIMULATED
870,ConsoleLoginFailure,ap-south-1,root,SIMULATED
871,DisableMFADevice,us-east-1,root,SIMULATED
872,CreatePolicy,eu-west-1,normal_user,SIMULATED
873,PutBucketPolicy,ap-south-1,admin_user,SIMULATED
874,DisableMFADevice,eu-west-1,admin_user,SIMULATED
875,ConsoleLogin,ap-south-1,admin_user,SIMULATED
876,CreateAccessKey,eu-west-1,root,SIMULATED
877,GetObject,eu-west-1,normal_user,SIMULATED
878,ConsoleLoginFailure,eu-west-1,admin_user,SIMULATED
879,GetObject,eu-west-1,root,SIMULATED
880,CreatePolicy,eu-west-1,normal_user,SIMULATED
881,CreatePolicy,us-east-1,normal_user,SIMULATED
882,CreatePolicy,ap-south-1,root,SIMULATED
883,PutBucketPolicy,eu-west-1,root,SIMULATED
884,GetObject,ap-south-1,normal_user,SIMULATED
885,ConsoleLoginFailure,eu-west-1,admin_user,SIMULATED
886,GetObject,ap-south-1,root,SIMULATED
887,CreateAccessKey,ap-south-1,admin_user,SIMULATED
888,ConsoleLoginFailure,eu-west-1,admin_user,SIMULATED
889,CreatePolicy,eu-west-1,normal_user,SIMULATED
890,GetObject,us-east-1,admin_user,SIMULATED
891,GetObject,ap-south-1,admin_user,SIMULATED
892,DisableMFADevice,ap-south-1,normal_user,SIMULATED
893,ConsoleLoginFailure,eu-west-1,normal_user,SIMULATED
894,GetObject,ap-south-1,admin_user,SIMULATED
895,GetObject,eu-west-1,root,SIMULATED
896,GetObject,ap-south-1,admin_user,SIMULATED
897,PutBucketPolicy,ap-south-1,admin_user,SIMULATED
898,CreateAccessKey,us-east-1,normal_user,SIMULATED
899,ConsoleLoginFailure,us-east-1,root,SIMULATED
900,CreatePolicy,us-east-1,admin_user,SIMULATED
901,CreateAccessKey,eu-west-1,admin_user,SIMULATED
902,DisableMFADevice,us-east-1,normal_user,SIMULATED
903,ConsoleLoginFailure,us-east-1,admin_user,SIMULATED
904,DisableMFADevice,ap-south-1,root,SIMULATED
905,CreateAccessKey,eu-west-1,normal_user,SIMULATED
906,GetObject,eu-west-1,admin_user,SIMULATED
907,CreateAccessKey,eu-west-1,normal_user,SIMULATED
908,CreateAccessKey,us-east-1,normal_user,SIMULATED
909,ConsoleLogin,eu-west-1,normal_user,SIMULATED
910,ConsoleLogin,ap-south-1,root,SIMULATED
911,ConsoleLoginFailure,ap-south-1,admin_user,SIMULATED
912,PutBucketPolicy,us-east-1,admin_user,SIMULATED
913,CreatePolicy,eu-west-1,root,SIMULATED
914,PutBucketPolicy,ap-south-1,normal_user,SIMULATED
915,PutBucketPolicy,us-east-1,admin_user,SIMULATED
916,ConsoleLoginFailure,ap-south-1,normal_user,SIMULATED
917,CreatePolicy,eu-west-1,admin_user,SIMULATED
918,ConsoleLoginFailure,us-east-1,normal_user,SIMULATED
919,PutBucketPolicy,us-east-1,normal_user,SIMULATED
920,CreateAccessKey,ap-south-1,normal_user,SIMULATED
921,CreateAccessKey,eu-west-1,root,SIMULATED
922,ConsoleLoginFailure,eu-west-1,normal_user,SIMULATED
923,ConsoleLoginFailure,ap-south-1,root,SIMULATED
924,CreateAccessKey,us-east-1,normal_user,SIMULATED
925,CreateAccessKey,eu-west-1,admin_user,SIMULATED
926,ConsoleLoginFailure,us-east-1,normal_user,SIMULATED
927,DisableMFADevice,eu-west-1,root,SIMULATED
928,CreateAccessKey,us-east-1,admin_user,SIMULATED
929,CreatePolicy,eu-west-1,normal_user,SIMULATED
930,PutBucketPolicy,ap-south-1,normal_user,SIMULATED
931,ConsoleLoginFailure,ap-south-1,admin_user,SIMULATED
932,DisableMFADevice,ap-south-1,root,SIMULATED
933,CreatePolicy,eu-west-1,normal_user,SIMULATED
934,ConsoleLogin,ap-south-1,admin_user,SIMULATED
935,CreateAccessKey,ap-south-1,root,SIMULATED
936,CreateAccessKey,eu-west-1,root,SIMULATED
937,CreatePolicy,us-east-1,root,SIMULATED
938,PutBucketPolicy,us-east-1,admin_user,SIMULATED
939,PutBucketPolicy,eu-west-1,root,SIMULATED
940,GetObject,ap-south-1,admin_user,SIMULATED
941,ConsoleLoginFailure,us-east-1,root,SIMULATED
942,DisableMFADevice,eu-west-1,root,SIMULATED
943,CreatePolicy,eu-west-1,root,SIMULATED
944,ConsoleLogin,us-east-1,admin_user,SIMULATED
945,GetObject,eu-west-1,admin_user,SIMULATED
946,CreatePolicy,eu-west-1,root,SIMULATED
947,ConsoleLogin,us-east-1,admin_user,SIMULATED
948,ConsoleLogin,eu-west-1,normal_user,SIMULATED
949,CreateAccessKey,ap-south-1,admin_user,SIMULATED
950,DisableMFADevice,ap-south-1,admin_user,SIMULATED
951,PutBucketPolicy,us-east-1,admin_user,SIMULATED
952,DisableMFADevice,us-east-1,root,SIMULATED
953,GetObject,eu-west-1,admin_user,SIMULATED
954,PutBucketPolicy,ap-south-1,normal_user,SIMULATED
955,ConsoleLoginFailure,ap-south-1,admin_user,SIMULATED
956,DisableMFADevice,eu-west-1,admin_user,SIMULATED
957,ConsoleLogin,eu-west-1,root,SIMULATED
958,ConsoleLogin,us-east-1,admin_user,SIMULATED
959,GetObject,us-east-1,normal_user,SIMULATED
960,CreateAccessKey,ap-south-1,normal_user,SIMULATED
961,CreateAccessKey,us-east-1,admin_user,SIMULATED
962,ConsoleLogin,us-east-1,admin_user,SIMULATED
963,GetObject,ap-south-1,admin_user,SIMULATED
964,CreatePolicy,ap-south-1,admin_user,SIMULATED
965,GetObject,us-east-1,normal_user,SIMULATED
966,GetObject,ap-south-1,admin_user,SIMULATED
967,CreatePolicy,ap-south-1,normal_user,SIMULATED
968,CreatePolicy,ap-south-1,normal_user,SIMULATED
969,ConsoleLoginFailure,us-east-1,normal_user,SIMULATED
970,ConsoleLoginFailure,eu-west-1,root,SIMULATED
971,PutBucketPolicy,us-east-1,root,SIMULATED
972,ConsoleLogin,eu-west-1,root,SIMULATED
973,GetObject,eu-west-1,normal_user,SIMULATED
974,DisableMFADevice,us-east-1,root,SIMULATED
975,GetObject,ap-south-1,admin_user,SIMULATED
976,CreateAccessKey,us-east-1,root,SIMULATED
977,ConsoleLogin,eu-west-1,root,SIMULATED
978,DisableMFADevice,us-east-1,normal_user,SIMULATED
979,PutBucketPolicy,us-east-1,root,SIMULATED
980,GetObject,us-east-1,normal_user,SIMULATED
981,CreateAccessKey,us-east-1,root,SIMULATED
982,DisableMFADevice,eu-west-1,root,SIMULATED
983,CreateAccessKey,ap-south-1,admin_user,SIMULATED
984,CreatePolicy,eu-west-1,admin_user,SIMULATED
985,ConsoleLogin,eu-west-1,root,SIMULATED
986,GetObject,ap-south-1,normal_user,SIMULATED
987,ConsoleLogin,ap-south-1,admin_user,SIMULATED
988,PutBucketPolicy,ap-south-1,root,SIMULATED
989,CreateAccessKey,eu-west-1,normal_user,SIMULATED
990,CreatePolicy,eu-west-1,normal_user,SIMULATED
991,DisableMFADevice,eu-west-1,admin_user,SIMULATED
992,ConsoleLoginFailure,eu-west-1,root,SIMULATED
993,ConsoleLoginFailure,ap-south-1,root,SIMULATED
994,CreateAccessKey,eu-west-1,root,SIMULATED
995,CreateAccessKey,eu-west-1,admin_user,SIMULATED
996,ConsoleLogin,us-east-1,normal_user,SIMULATED
997,ConsoleLogin,us-east-1,root,SIMULATED
998,CreateAccessKey,us-east-1,normal_user,SIMULATED
999,CreateAccessKey,eu-west-1,root,SIMULATED
1000,ConsoleLogin,ap-south-1,admin_user,SIMULATED
1001,ConsoleLogin,ap-south-1,admin_user,SIMULATED
1002,CreatePolicy,ap-south-1,root,SIMULATED
1003,GetObject,ap-south-1,normal_user,SIMULATED
1004,ConsoleLogin,ap-south-1,normal_user,SIMULATED
1005,DisableMFADevice,eu-west-1,root,SIMULATED
1006,ConsoleLogin,eu-west-1,normal_user,SIMULATED
1007,ConsoleLoginFailure,eu-west-1,admin_user,SIMULATED
1008,DisableMFADevice,eu-west-1,normal_user,SIMULATED
1009,ConsoleLogin,eu-west-1,normal_user,SIMULATED
1010,ConsoleLogin,us-east-1,root,SIMULATED
1011,PutBucketPolicy,ap-south-1,admin_user,SIMULATED
1012,ConsoleLogin,ap-south-1,normal_user,SIMULATED
1013,DisableMFADevice,ap-south-1,admin_user,SIMULATED
1014,GetObject,us-east-1,admin_user,SIMULATED
1015,CreatePolicy,us-east-1,normal_user,SIMULATED
1016,CreatePolicy,ap-south-1,admin_user,SIMULATED
1017,DisableMFADevice,us-east-1,normal_user,SIMULATED
1018,CreateAccessKey,us-east-1,root,SIMULATED
1019,PutBucketPolicy,us-east-1,normal_user,SIMULATED
1020,CreateAccessKey,ap-south-1,normal_user,SIMULATED
1021,CreatePolicy,us-east-1,admin_user,SIMULATED
1022,ConsoleLoginFailure,us-east-1,normal_user,SIMULATED
1023,PutBucketPolicy,us-east-1,admin_user,SIMULATED
1024,GetObject,eu-west-1,root,SIMULATED
1025,PutBucketPolicy,us-east-1,normal_user,SIMULATED
1026,ConsoleLogin,us-east-1,root,SIMULATED
1027,CreatePolicy,ap-south-1,normal_user,SIMULATED
1028,DisableMFADevice,ap-south-1,root,SIMULATED
1029,GetObject,eu-west-1,normal_user,SIMULATED
1030,ConsoleLogin,ap-south-1,root,SIMULATED
1031,ConsoleLoginFailure,ap-south-1,root,SIMULATED
1032,ConsoleLogin,us-east-1,admin_user,SIMULATED
1033,ConsoleLoginFailure,ap-south-1,normal_user,SIMULATED
1034,PutBucketPolicy,ap-south-1,normal_user,SIMULATED
1035,ConsoleLogin,ap-south-1,root,SIMULATED
1036,CreateAccessKey,eu-west-1,admin_user,SIMULATED
1037,CreateAccessKey,us-east-1,root,SIMULATED
1038,CreatePolicy,eu-west-1,root,SIMULATED
1039,ConsoleLogin,eu-west-1,root,SIMULATED
1040,CreatePolicy,ap-south-1,root,SIMULATED
1041,CreateAccessKey,us-east-1,admin_user,SIMULATED
1042,PutBucketPolicy,eu-west-1,root,SIMULATED
1043,ConsoleLogin,eu-west-1,root,SIMULATED
1044,CreatePolicy,us-east-1,root,SIMULATED
1045,ConsoleLogin,eu-west-1,root,SIMULATED
1046,GetObject,eu-west-1,admin_user,SIMULATED
1047,DisableMFADevice,us-east-1,normal_user,SIMULATED
1048,ConsoleLoginFailure,ap-south-1,normal_user,SIMULATED
1049,ConsoleLoginFailure,us-east-1,admin_user,SIMULATED
1050,PutBucketPolicy,us-east-1,admin_user,SIMULATED
1051,CreateAccessKey,eu-west-1,admin_user,SIMULATED
1052,CreatePolicy,us-east-1,normal_user,SIMULATED
1053,GetObject,ap-south-1,normal_user,SIMULATED
1054,CreatePolicy,eu-west-1,admin_user,SIMULATED
1055,CreatePolicy,eu-west-1,normal_user,SIMULATED
1056,CreateAccessKey,eu-west-1,normal_user,SIMULATED
1057,ConsoleLoginFailure,us-east-1,root,SIMULATED
1058,CreatePolicy,ap-south-1,admin_user,SIMULATED
1059,CreatePolicy,us-east-1,root,SIMULATED
1060,CreatePolicy,ap-south-1,admin_user,SIMULATED
1061,CreateAccessKey,us-east-1,admin_user,SIMULATED
1062,ConsoleLoginFailure,us-east-1,root,SIMULATED
1063,ConsoleLoginFailure,us-east-1,admin_user,SIMULATED
1064,DisableMFADevice,us-east-1,root,SIMULATED
1065,CreatePolicy,eu-west-1,admin_user,SIMULATED
1066,CreateAccessKey,eu-west-1,root,SIMULATED
1067,CreatePolicy,eu-west-1,normal_user,SIMULATED
1068,PutBucketPolicy,us-east-1,admin_user,SIMULATED
1069,GetObject,ap-south-1,normal_user,SIMULATED
1070,PutBucketPolicy,eu-west-1,admin_user,SIMULATED
1071,GetObject,ap-south-1,normal_user,SIMULATED
1072,CreatePolicy,ap-south-1,normal_user,SIMULATED
1073,CreatePolicy,ap-south-1,normal_user,SIMULATED
1074,ConsoleLoginFailure,eu-west-1,root,SIMULATED
1075,GetObject,eu-west-1,admin_user,SIMULATED
1076,PutBucketPolicy,ap-south-1,admin_user,SIMULATED
1077,PutBucketPolicy,eu-west-1,root,SIMULATED
1078,CreateAccessKey,us-east-1,admin_user,SIMULATED
1079,ConsoleLoginFailure,ap-south-1,admin_user,SIMULATED
1080,GetObject,ap-south-1,root,SIMULATED
1081,CreateAccessKey,us-east-1,root,SIMULATED
1082,GetObject,us-east-1,admin_user,SIMULATED
1083,GetObject,ap-south-1,normal_user,SIMULATED
1084,ConsoleLogin,eu-west-1,admin_user,SIMULATED
1085,CreateAccessKey,ap-south-1,root,SIMULATED
1086,DisableMFADevice,ap-south-1,admin_user,SIMULATED
1087,CreateAccessKey,us-east-1,root,SIMULATED
1088,DisableMFADevice,us-east-1,normal_user,SIMULATED
1089,PutBucketPolicy,ap-south-1,admin_user,SIMULATED
1090,CreateAccessKey,eu-west-1,normal_user,SIMULATED
1091,ConsoleLoginFailure,ap-south-1,admin_user,SIMULATED
1092,PutBucketPolicy,ap-south-1,root,SIMULATED
1093,CreateAccessKey,ap-south-1,normal_user,SIMULATED
1094,CreatePolicy,eu-west-1,root,SIMULATED
1095,PutBucketPolicy,eu-west-1,admin_user,SIMULATED
1096,CreatePolicy,ap-south-1,root,SIMULATED
1097,ConsoleLoginFailure,eu-west-1,normal_user,SIMULATED
1098,CreateAccessKey,eu-west-1,admin_user,SIMULATED
1099,DisableMFADevice,ap-south-1,root,SIMULATED
1100,ConsoleLogin,ap-south-1,normal_user,SIMULATED
1101,PutBucketPolicy,eu-west-1,admin_user,SIMULATED
1102,GetObject,ap-south-1,admin_user,SIMULATED
1103,CreatePolicy,ap-south-1,root,SIMULATED
1104,CreateAccessKey,ap-south-1,admin_user,SIMULATED
1105,ConsoleLoginFailure,us-east-1,admin_user,SIMULATED
1106,CreatePolicy,us-east-1,root,SIMULATED
1107,PutBucketPolicy,us-east-1,normal_user,SIMULATED
1108,GetObject,eu-west-1,normal_user,SIMULATED
1109,CreatePolicy,us-east-1,admin_user,SIMULATED
1110,CreatePolicy,eu-west-1,admin_user,SIMULATED
1111,CreatePolicy,us-east-1,admin_user,SIMULATED
1112,DisableMFADevice,us-east-1,admin_user,SIMULATED
1113,CreatePolicy,ap-south-1,root,SIMULATED
1114,PutBucketPolicy,ap-south-1,root,SIMULATED
1115,ConsoleLogin,eu-west-1,normal_user,SIMULATED
1116,CreatePolicy,us-east-1,root,SIMULATED
1117,ConsoleLogin,us-east-1,normal_user,SIMULATED
1118,ConsoleLogin,eu-west-1,admin_user,SIMULATED
1119,ConsoleLogin,us-east-1,admin_user,SIMULATED
1120,GetObject,us-east-1,normal_user,SIMULATED
1121,DisableMFADevice,eu-west-1,root,SIMULATED
1122,CreateAccessKey,eu-west-1,admin_user,SIMULATED
1123,DisableMFADevice,us-east-1,admin_user,SIMULATED
1124,CreatePolicy,ap-south-1,admin_user,SIMULATED
1125,ConsoleLogin,us-east-1,admin_user,SIMULATED
1126,GetObject,eu-west-1,normal_user,SIMULATED
1127,GetObject,us-east-1,normal_user,SIMULATED
1128,CreateAccessKey,us-east-1,admin_user,SIMULATED
1129,ConsoleLoginFailure,us-east-1,admin_user,SIMULATED
1130,CreateAccessKey,us-east-1,root,SIMULATED
1131,DisableMFADevice,ap-south-1,admin_user,SIMULATED
1132,GetObject,us-east-1,root,SIMULATED
1133,DisableMFADevice,ap-south-1,root,SIMULATED
1134,CreateAccessKey,us-east-1,root,SIMULATED
1135,GetObject,us-east-1,root,SIMULATED
1136,DisableMFADevice,us-east-1,normal_user,SIMULATED
1137,ConsoleLogin,eu-west-1,root,SIMULATED
1138,DisableMFADevice,ap-south-1,root,SIMULATED
1139,CreatePolicy,eu-west-1,root,SIMULATED
1140,CreateAccessKey,eu-west-1,root,SIMULATED
1141,CreateAccessKey,ap-south-1,root,SIMULATED
1142,ConsoleLoginFailure,ap-south-1,normal_user,SIMULATED
1143,ConsoleLoginFailure,eu-west-1,admin_user,SIMULATED
1144,ConsoleLogin,eu-west-1,admin_user,SIMULATED
1145,CreatePolicy,eu-west-1,admin_user,SIMULATED
1146,PutBucketPolicy,ap-south-1,normal_user,SIMULATED
1147,ConsoleLoginFailure,ap-south-1,admin_user,SIMULATED
1148,PutBucketPolicy,us-east-1,root,SIMULATED
1149,ConsoleLogin,eu-west-1,normal_user,SIMULATED
1150,DisableMFADevice,us-east-1,normal_user,SIMULATED
1151,ConsoleLoginFailure,ap-south-1,normal_user,SIMULATED
1152,CreatePolicy,us-east-1,admin_user,SIMULATED
1153,GetObject,eu-west-1,root,SIMULATED
1154,ConsoleLogin,eu-west-1,root,SIMULATED
1155,CreateAccessKey,us-east-1,admin_user,SIMULATED
1156,ConsoleLogin,us-east-1,root,SIMULATED
1157,PutBucketPolicy,ap-south-1,normal_user,SIMULATED
1158,GetObject,ap-south-1,root,SIMULATED
1159,CreatePolicy,ap-south-1,root,SIMULATED
1160,CreateAccessKey,ap-south-1,root,SIMULATED
1161,ConsoleLogin,ap-south-1,normal_user,SIMULATED
1162,PutBucketPolicy,ap-south-1,admin_user,SIMULATED
1163,CreateAccessKey,us-east-1,admin_user,SIMULATED
1164,CreateAccessKey,ap-south-1,admin_user,SIMULATED
1165,CreateAccessKey,eu-west-1,normal_user,SIMULATED
1166,CreatePolicy,eu-west-1,root,SIMULATED
1167,CreateAccessKey,us-east-1,root,SIMULATED
1168,DisableMFADevice,eu-west-1,normal_user,SIMULATED
1169,ConsoleLoginFailure,eu-west-1,normal_user,SIMULATED
1170,DisableMFADevice,eu-west-1,normal_user,SIMULATED
1171,GetObject,us-east-1,normal_user,SIMULATED
1172,PutBucketPolicy,us-east-1,root,SIMULATED
1173,GetObject,ap-south-1,root,SIMULATED
1174,ConsoleLogin,us-east-1,normal_user,SIMULATED
1175,ConsoleLoginFailure,eu-west-1,admin_user,SIMULATED
1176,PutBucketPolicy,eu-west-1,admin_user,SIMULATED
1177,CreateAccessKey,eu-west-1,admin_user,SIMULATED
1178,DisableMFADevice,eu-west-1,admin_user,SIMULATED
1179,ConsoleLoginFailure,eu-west-1,admin_user,SIMULATED
1180,DisableMFADevice,eu-west-1,root,SIMULATED
1181,DisableMFADevice,ap-south-1,admin_user,SIMULATED
1182,ConsoleLogin,us-east-1,root,SIMULATED
1183,ConsoleLoginFailure,us-east-1,root,SIMULATED
1184,CreateAccessKey,ap-south-1,normal_user,SIMULATED
1185,DisableMFADevice,eu-west-1,admin_user,SIMULATED
1186,CreatePolicy,us-east-1,root,SIMULATED
1187,CreatePolicy,us-east-1,normal_user,SIMULATED
1188,CreatePolicy,us-east-1,admin_user,SIMULATED
1189,ConsoleLogin,us-east-1,root,SIMULATED
1190,CreateAccessKey,us-east-1,admin_user,SIMULATED
1191,DisableMFADevice,eu-west-1,normal_user,SIMULATED
1192,DisableMFADevice,ap-south-1,admin_user,SIMULATED
1193,PutBucketPolicy,ap-south-1,root,SIMULATED
1194,PutBucketPolicy,ap-south-1,admin_user,SIMULATED
1195,GetObject,eu-west-1,normal_user,SIMULATED
1196,CreatePolicy,ap-south-1,admin_user,SIMULATED
1197,DisableMFADevice,ap-south-1,normal_user,SIMULATED
1198,GetObject,eu-west-1,normal_user,SIMULATED
1199,GetObject,ap-south-1,root,SIMULATED
1200,CreatePolicy,us-east-1,normal_user,SIMULATED
1201,DisableMFADevice,eu-west-1,root,SIMULATED
1202,CreateAccessKey,eu-west-1,root,SIMULATED
1203,PutBucketPolicy,eu-west-1,root,SIMULATED
1204,CreatePolicy,eu-west-1,root,SIMULATED
1205,GetObject,us-east-1,normal_user,SIMULATED
1206,PutBucketPolicy,us-east-1,admin_user,SIMULATED
1207,CreatePolicy,ap-south-1,normal_user,SIMULATED
1208,ConsoleLogin,us-east-1,admin_user,SIMULATED
1209,ConsoleLogin,us-east-1,admin_user,SIMULATED
1210,ConsoleLoginFailure,ap-south-1,admin_user,SIMULATED
1211,CreateAccessKey,us-east-1,admin_user,SIMULATED
1212,ConsoleLogin,ap-south-1,admin_user,SIMULATED
1213,GetObject,us-east-1,admin_user,SIMULATED
1214,PutBucketPolicy,eu-west-1,normal_user,SIMULATED
1215,DisableMFADevice,eu-west-1,root,SIMULATED
1216,DisableMFADevice,eu-west-1,normal_user,SIMULATED
1217,DisableMFADevice,eu-west-1,normal_user,SIMULATED
1218,DisableMFADevice,us-east-1,admin_user,SIMULATED
1219,ConsoleLogin,eu-west-1,normal_user,SIMULATED
1220,CreatePolicy,eu-west-1,admin_user,SIMULATED
1221,ConsoleLoginFailure,us-east-1,root,SIMULATED
1222,GetObject,us-east-1,normal_user,SIMULATED
1223,ConsoleLoginFailure,eu-west-1,admin_user,SIMULATED
1224,CreatePolicy,eu-west-1,normal_user,SIMULATED
1225,ConsoleLogin,eu-west-1,admin_user,SIMULATED
1226,CreatePolicy,ap-south-1,admin_user,SIMULATED
1227,ConsoleLoginFailure,ap-south-1,admin_user,SIMULATED
1228,ConsoleLogin,us-east-1,admin_user,SIMULATED
1229,PutBucketPolicy,us-east-1,admin_user,SIMULATED
1230,GetObject,ap-south-1,admin_user,SIMULATED
1231,DisableMFADevice,eu-west-1,admin_user,SIMULATED
1232,ConsoleLogin,eu-west-1,admin_user,SIMULATED
1233,GetObject,ap-south-1,admin_user,SIMULATED
1234,PutBucketPolicy,us-east-1,root,SIMULATED
1235,CreatePolicy,eu-west-1,admin_user,SIMULATED
1236,ConsoleLogin,ap-south-1,admin_user,SIMULATED
1237,GetObject,us-east-1,admin_user,SIMULATED
1238,ConsoleLogin,us-east-1,admin_user,SIMULATED
1239,DisableMFADevice,us-east-1,root,SIMULATED
1240,CreatePolicy,ap-south-1,admin_user,SIMULATED
1241,PutBucketPolicy,us-east-1,admin_user,SIMULATED
1242,DisableMFADevice,eu-west-1,root,SIMULATED
1243,ConsoleLogin,ap-south-1,normal_user,SIMULATED
1244,DisableMFADevice,eu-west-1,admin_user,SIMULATED
1245,CreatePolicy,us-east-1,normal_user,SIMULATED
1246,CreateAccessKey,eu-west-1,normal_user,SIMULATED
1247,CreatePolicy,us-east-1,admin_user,SIMULATED
1248,CreateAccessKey,us-east-1,admin_user,SIMULATED
1249,CreatePolicy,us-east-1,admin_user,SIMULATED
1250,GetObject,eu-west-1,root,SIMULATED
1251,ConsoleLoginFailure,ap-south-1,admin_user,SIMULATED
1252,PutBucketPolicy,ap-south-1,normal_user,SIMULATED
1253,DisableMFADevice,eu-west-1,admin_user,SIMULATED
1254,CreatePolicy,ap-south-1,normal_user,SIMULATED
1255,PutBucketPolicy,ap-south-1,admin_user,SIMULATED
1256,ConsoleLoginFailure,eu-west-1,admin_user,SIMULATED
1257,CreatePolicy,ap-south-1,root,SIMULATED
1258,PutBucketPolicy,ap-south-1,normal_user,SIMULATED
1259,CreateAccessKey,ap-south-1,root,SIMULATED
1260,CreatePolicy,ap-south-1,admin_user,SIMULATED
1261,GetObject,ap-south-1,normal_user,SIMULATED
1262,CreatePolicy,eu-west-1,normal_user,SIMULATED
1263,PutBucketPolicy,ap-south-1,admin_user,SIMULATED
1264,CreatePolicy,us-east-1,admin_user,SIMULATED
1265,ConsoleLoginFailure,ap-south-1,admin_user,SIMULATED
1266,ConsoleLogin,eu-west-1,root,SIMULATED
1267,CreateAccessKey,eu-west-1,admin_user,SIMULATED
1268,DisableMFADevice,us-east-1,root,SIMULATED
1269,ConsoleLoginFailure,us-east-1,admin_user,SIMULATED
1270,DisableMFADevice,ap-south-1,root,SIMULATED
1271,DisableMFADevice,ap-south-1,admin_user,SIMULATED
1272,CreateAccessKey,us-east-1,normal_user,SIMULATED
1273,ConsoleLogin,ap-south-1,normal_user,SIMULATED
1274,ConsoleLoginFailure,us-east-1,normal_user,SIMULATED
1275,ConsoleLogin,ap-south-1,root,SIMULATED
1276,PutBucketPolicy,eu-west-1,normal_user,SIMULATED
1277,ConsoleLoginFailure,us-east-1,admin_user,SIMULATED
1278,ConsoleLoginFailure,ap-south-1,admin_user,SIMULATED
1279,ConsoleLoginFailure,eu-west-1,admin_user,SIMULATED
1280,ConsoleLogin,us-east-1,normal_user,SIMULATED
1281,ConsoleLogin,us-east-1,admin_user,SIMULATED
1282,ConsoleLogin,eu-west-1,root,SIMULATED
1283,CreatePolicy,eu-west-1,normal_user,SIMULATED
1284,CreatePolicy,eu-west-1,normal_user,SIMULATED
1285,DisableMFADevice,eu-west-1,root,SIMULATED
1286,PutBucketPolicy,ap-south-1,normal_user,SIMULATED
1287,CreatePolicy,ap-south-1,root,SIMULATED
1288,ConsoleLoginFailure,eu-west-1,normal_user,SIMULATED
1289,DisableMFADevice,us-east-1,admin_user,SIMULATED
1290,DisableMFADevice,ap-south-1,root,SIMULATED
1291,CreatePolicy,us-east-1,admin_user,SIMULATED
1292,PutBucketPolicy,ap-south-1,normal_user,SIMULATED
1293,PutBucketPolicy,us-east-1,normal_user,SIMULATED
1294,GetObject,eu-west-1,normal_user,SIMULATED
1295,ConsoleLoginFailure,us-east-1,normal_user,SIMULATED
1296,CreateAccessKey,ap-south-1,root,SIMULATED
1297,CreateAccessKey,eu-west-1,root,SIMULATED
1298,CreateAccessKey,us-east-1,root,SIMULATED
1299,GetObject,ap-south-1,root,SIMULATED
1300,ConsoleLogin,ap-south-1,root,SIMULATED
1301,CreatePolicy,ap-south-1,root,SIMULATED
1302,CreatePolicy,ap-south-1,admin_user,SIMULATED
1303,DisableMFADevice,eu-west-1,admin_user,SIMULATED
1304,ConsoleLogin,ap-south-1,normal_user,SIMULATED
1305,ConsoleLoginFailure,us-east-1,admin_user,SIMULATED
1306,GetObject,eu-west-1,admin_user,SIMULATED
1307,ConsoleLoginFailure,ap-south-1,normal_user,SIMULATED
1308,CreatePolicy,ap-south-1,root,SIMULATED
1309,CreateAccessKey,ap-south-1,normal_user,SIMULATED
1310,CreateAccessKey,ap-south-1,admin_user,SIMULATED
1311,PutBucketPolicy,eu-west-1,normal_user,SIMULATED
1312,ConsoleLoginFailure,eu-west-1,root,SIMULATED
1313,DisableMFADevice,eu-west-1,admin_user,SIMULATED
1314,ConsoleLogin,us-east-1,admin_user,SIMULATED
1315,ConsoleLogin,eu-west-1,root,SIMULATED
1316,PutBucketPolicy,us-east-1,normal_user,SIMULATED
1317,PutBucketPolicy,us-east-1,admin_user,SIMULATED
1318,ConsoleLoginFailure,us-east-1,root,SIMULATED
1319,PutBucketPolicy,ap-south-1,admin_user,SIMULATED
1320,PutBucketPolicy,us-east-1,admin_user,SIMULATED
1321,ConsoleLogin,us-east-1,normal_user,SIMULATED
1322,ConsoleLoginFailure,eu-west-1,admin_user,SIMULATED
1323,ConsoleLogin,eu-west-1,normal_user,SIMULATED
1324,CreateAccessKey,ap-south-1,admin_user,SIMULATED
1325,ConsoleLoginFailure,ap-south-1,admin_user,SIMULATED
1326,ConsoleLogin,eu-west-1,normal_user,SIMULATED
1327,CreatePolicy,eu-west-1,admin_user,SIMULATED
1328,ConsoleLoginFailure,ap-south-1,root,SIMULATED
1329,ConsoleLogin,ap-south-1,admin_user,SIMULATED
1330,CreateAccessKey,us-east-1,root,SIMULATED
1331,DisableMFADevice,eu-west-1,root,SIMULATED
1332,ConsoleLogin,eu-west-1,root,SIMULATED
1333,GetObject,us-east-1,normal_user,SIMULATED
1334,CreatePolicy,ap-south-1,normal_user,SIMULATED
1335,DisableMFADevice,eu-west-1,root,SIMULATED
1336,CreateAccessKey,us-east-1,normal_user,SIMULATED
1337,GetObject,eu-west-1,normal_user,SIMULATED
1338,ConsoleLogin,eu-west-1,admin_user,SIMULATED
1339,GetObject,eu-west-1,normal_user,SIMULATED
1340,CreatePolicy,eu-west-1,root,SIMULATED
1341,ConsoleLoginFailure,eu-west-1,root,SIMULATED
1342,ConsoleLoginFailure,ap-south-1,root,SIMULATED
1343,GetObject,us-east-1,admin_user,SIMULATED
1344,ConsoleLoginFailure,eu-west-1,normal_user,SIMULATED
1345,ConsoleLogin,ap-south-1,admin_user,SIMULATED
1346,ConsoleLogin,eu-west-1,root,SIMULATED
1347,ConsoleLogin,us-east-1,normal_user,SIMULATED
1348,ConsoleLogin,ap-south-1,normal_user,SIMULATED
1349,CreatePolicy,ap-south-1,normal_user,SIMULATED
1350,ConsoleLogin,us-east-1,normal_user,SIMULATED
1351,PutBucketPolicy,ap-south-1,root,SIMULATED
1352,GetObject,us-east-1,admin_user,SIMULATED
1353,GetObject,eu-west-1,root,SIMULATED
1354,CreatePolicy,eu-west-1,root,SIMULATED
1355,CreateAccessKey,eu-west-1,admin_user,SIMULATED
1356,ConsoleLogin,ap-south-1,admin_user,SIMULATED
1357,GetObject,eu-west-1,admin_user,SIMULATED
1358,CreatePolicy,ap-south-1,root,SIMULATED
1359,ConsoleLogin,us-east-1,admin_user,SIMULATED
1360,ConsoleLogin,ap-south-1,admin_user,SIMULATED
1361,ConsoleLoginFailure,us-east-1,root,SIMULATED
1362,PutBucketPolicy,ap-south-1,root,SIMULATED
1363,GetObject,eu-west-1,root,SIMULATED
1364,GetObject,eu-west-1,normal_user,SIMULATED
1365,ConsoleLoginFailure,ap-south-1,admin_user,SIMULATED
1366,GetObject,us-east-1,admin_user,SIMULATED
1367,ConsoleLogin,eu-west-1,normal_user,SIMULATED
1368,CreatePolicy,us-east-1,root,SIMULATED
1369,GetObject,us-east-1,normal_user,SIMULATED
1370,PutBucketPolicy,eu-west-1,normal_user,SIMULATED
1371,CreatePolicy,eu-west-1,admin_user,SIMULATED
1372,GetObject,ap-south-1,root,SIMULATED
1373,DisableMFADevice,eu-west-1,root,SIMULATED
1374,DisableMFADevice,ap-south-1,root,SIMULATED
1375,GetObject,us-east-1,admin_user,SIMULATED
1376,CreatePolicy,eu-west-1,normal_user,SIMULATED
1377,CreateAccessKey,us-east-1,normal_user,SIMULATED
1378,ConsoleLoginFailure,ap-south-1,normal_user,SIMULATED
1379,GetObject,us-east-1,normal_user,SIMULATED
1380,PutBucketPolicy,eu-west-1,root,SIMULATED
1381,GetObject,eu-west-1,admin_user,SIMULATED
1382,ConsoleLogin,eu-west-1,admin_user,SIMULATED
1383,DisableMFADevice,us-east-1,admin_user,SIMULATED
1384,ConsoleLogin,ap-south-1,root,SIMULATED
1385,CreatePolicy,ap-south-1,normal_user,SIMULATED
1386,CreateAccessKey,eu-west-1,admin_user,SIMULATED
1387,GetObject,ap-south-1,normal_user,SIMULATED
1388,CreateAccessKey,ap-south-1,normal_user,SIMULATED
1389,DisableMFADevice,us-east-1,root,SIMULATED
1390,CreatePolicy,eu-west-1,normal_user,SIMULATED
1391,CreateAccessKey,us-east-1,normal_user,SIMULATED
1392,CreatePolicy,eu-west-1,root,SIMULATED
1393,CreatePolicy,ap-south-1,root,SIMULATED
1394,ConsoleLogin,ap-south-1,root,SIMULATED
1395,ConsoleLogin,us-east-1,root,SIMULATED
1396,CreatePolicy,eu-west-1,root,SIMULATED
1397,CreateAccessKey,ap-south-1,admin_user,SIMULATED
1398,PutBucketPolicy,ap-south-1,admin_user,SIMULATED
1399,DisableMFADevice,ap-south-1,root,SIMULATED
1400,ConsoleLogin,us-east-1,root,SIMULATED
1401,DisableMFADevice,ap-south-1,normal_user,SIMULATED
1402,ConsoleLoginFailure,us-east-1,normal_user,SIMULATED
1403,CreateAccessKey,ap-south-1,root,SIMULATED
1404,DisableMFADevice,ap-south-1,root,SIMULATED
1405,CreatePolicy,eu-west-1,normal_user,SIMULATED
1406,DisableMFADevice,ap-south-1,normal_user,SIMULATED
1407,PutBucketPolicy,us-east-1,admin_user,SIMULATED
1408,PutBucketPolicy,us-east-1,normal_user,SIMULATED
1409,ConsoleLogin,us-east-1,normal_user,SIMULATED
1410,ConsoleLogin,us-east-1,admin_user,SIMULATED
1411,CreatePolicy,eu-west-1,root,SIMULATED
1412,CreateAccessKey,us-east-1,admin_user,SIMULATED
1413,ConsoleLogin,eu-west-1,admin_user,SIMULATED
1414,GetObject,us-east-1,root,SIMULATED
1415,GetObject,eu-west-1,admin_user,SIMULATED
1416,DisableMFADevice,eu-west-1,admin_user,SIMULATED
1417,PutBucketPolicy,ap-south-1,admin_user,SIMULATED
1418,DisableMFADevice,ap-south-1,normal_user,SIMULATED
1419,ConsoleLoginFailure,ap-south-1,normal_user,SIMULATED
1420,ConsoleLogin,eu-west-1,normal_user,SIMULATED
1421,ConsoleLoginFailure,eu-west-1,admin_user,SIMULATED
1422,PutBucketPolicy,us-east-1,root,SIMULATED
1423,GetObject,eu-west-1,root,SIMULATED
1424,DisableMFADevice,us-east-1,normal_user,SIMULATED
1425,ConsoleLoginFailure,us-east-1,admin_user,SIMULATED
1426,GetObject,us-east-1,admin_user,SIMULATED
1427,GetObject,us-east-1,root,SIMULATED
1428,ConsoleLogin,eu-west-1,normal_user,SIMULATED
1429,CreateAccessKey,ap-south-1,admin_user,SIMULATED
1430,DisableMFADevice,us-east-1,root,SIMULATED
1431,ConsoleLoginFailure,us-east-1,root,SIMULATED
1432,ConsoleLoginFailure,eu-west-1,admin_user,SIMULATED
1433,CreateAccessKey,ap-south-1,admin_user,SIMULATED
1434,GetObject,ap-south-1,normal_user,SIMULATED
1435,CreatePolicy,ap-south-1,root,SIMULATED
1436,ConsoleLoginFailure,eu-west-1,normal_user,SIMULATED
1437,PutBucketPolicy,eu-west-1,normal_user,SIMULATED
1438,CreateAccessKey,ap-south-1,root,SIMULATED
1439,ConsoleLoginFailure,ap-south-1,admin_user,SIMULATED
1440,ConsoleLoginFailure,ap-south-1,normal_user,SIMULATED
1441,CreateAccessKey,eu-west-1,admin_user,SIMULATED
1442,PutBucketPolicy,eu-west-1,root,SIMULATED
1443,DisableMFADevice,eu-west-1,root,SIMULATED
1444,CreatePolicy,ap-south-1,admin_user,SIMULATED
1445,GetObject,us-east-1,root,SIMULATED
1446,ConsoleLoginFailure,eu-west-1,admin_user,SIMULATED
1447,GetObject,eu-west-1,admin_user,SIMULATED
1448,CreatePolicy,ap-south-1,admin_user,SIMULATED
1449,CreatePolicy,ap-south-1,normal_user,SIMULATED
1450,GetObject,eu-west-1,root,SIMULATED
1451,CreatePolicy,ap-south-1,admin_user,SIMULATED
1452,CreateAccessKey,us-east-1,normal_user,SIMULATED
1453,ConsoleLoginFailure,ap-south-1,root,SIMULATED
1454,ConsoleLogin,ap-south-1,admin_user,SIMULATED
1455,ConsoleLoginFailure,ap-south-1,normal_user,SIMULATED
1456,CreateAccessKey,eu-west-1,root,SIMULATED
1457,DisableMFADevice,eu-west-1,root,SIMULATED
1458,CreatePolicy,ap-south-1,admin_user,SIMULATED
1459,CreateAccessKey,eu-west-1,admin_user,SIMULATED
1460,ConsoleLogin,eu-west-1,normal_user,SIMULATED
1461,ConsoleLoginFailure,eu-west-1,root,SIMULATED
1462,CreatePolicy,us-east-1,normal_user,SIMULATED
1463,ConsoleLogin,eu-west-1,normal_user,SIMULATED
1464,DisableMFADevice,eu-west-1,admin_user,SIMULATED
1465,DisableMFADevice,ap-south-1,root,SIMULATED
1466,DisableMFADevice,us-east-1,normal_user,SIMULATED
1467,CreatePolicy,eu-west-1,normal_user,SIMULATED
1468,GetObject,ap-south-1,normal_user,SIMULATED
1469,CreatePolicy,us-east-1,root,SIMULATED
1470,GetObject,ap-south-1,admin_user,SIMULATED
1471,CreateAccessKey,ap-south-1,normal_user,SIMULATED
1472,CreatePolicy,us-east-1,normal_user,SIMULATED
1473,ConsoleLoginFailure,eu-west-1,root,SIMULATED
1474,DisableMFADevice,ap-south-1,admin_user,SIMULATED
1475,DisableMFADevice,eu-west-1,normal_user,SIMULATED
1476,ConsoleLogin,ap-south-1,admin_user,SIMULATED
1477,PutBucketPolicy,eu-west-1,admin_user,SIMULATED
1478,PutBucketPolicy,us-east-1,normal_user,SIMULATED
1479,DisableMFADevice,ap-south-1,root,SIMULATED
1480,ConsoleLoginFailure,ap-south-1,admin_user,SIMULATED
1481,GetObject,ap-south-1,root,SIMULATED
1482,DisableMFADevice,eu-west-1,root,SIMULATED
1483,CreateAccessKey,us-east-1,root,SIMULATED
1484,GetObject,us-east-1,normal_user,SIMULATED
1485,DisableMFADevice,us-east-1,normal_user,SIMULATED
1486,ConsoleLoginFailure,us-east-1,normal_user,SIMULATED
1487,PutBucketPolicy,eu-west-1,admin_user,SIMULATED
1488,CreatePolicy,ap-south-1,root,SIMULATED
1489,ConsoleLogin,ap-south-1,root,SIMULATED
1490,DisableMFADevice,eu-west-1,root,SIMULATED
1491,ConsoleLoginFailure,ap-south-1,root,SIMULATED
1492,DisableMFADevice,ap-south-1,admin_user,SIMULATED
1493,CreateAccessKey,us-east-1,normal_user,SIMULATED
1494,GetObject,eu-west-1,root,SIMULATED
1495,CreatePolicy,ap-south-1,normal_user,SIMULATED
1496,CreateAccessKey,us-east-1,root,SIMULATED
1497,GetObject,ap-south-1,root,SIMULATED
1498,DisableMFADevice,eu-west-1,normal_user,SIMULATED
1499,DisableMFADevice,us-east-1,normal_user,SIMULATED
1500,DisableMFADevice,us-east-1,normal_user,SIMULATED
1501,CreatePolicy,eu-west-1,normal_user,SIMULATED
1502,CreatePolicy,eu-west-1,root,SIMULATED
1503,DisableMFADevice,eu-west-1,root,SIMULATED
1504,CreateAccessKey,us-east-1,root,SIMULATED
1505,ConsoleLogin,eu-west-1,admin_user,SIMULATED
1506,CreateAccessKey,eu-west-1,normal_user,SIMULATED
1507,GetObject,us-east-1,normal_user,SIMULATED
1508,DisableMFADevice,eu-west-1,admin_user,SIMULATED
1509,DisableMFADevice,us-east-1,normal_user,SIMULATED
1510,CreateAccessKey,us-east-1,admin_user,SIMULATED
1511,GetObject,us-east-1,normal_user,SIMULATED
1512,DisableMFADevice,ap-south-1,admin_user,SIMULATED
1513,ConsoleLogin,eu-west-1,admin_user,SIMULATED
1514,DisableMFADevice,us-east-1,normal_user,SIMULATED
1515,CreateAccessKey,us-east-1,root,SIMULATED
1516,DisableMFADevice,ap-south-1,normal_user,SIMULATED
1517,ConsoleLoginFailure,eu-west-1,normal_user,SIMULATED
1518,DisableMFADevice,ap-south-1,normal_user,SIMULATED
1519,ConsoleLogin,ap-south-1,admin_user,SIMULATED
1520,DisableMFADevice,ap-south-1,root,SIMULATED
1521,CreatePolicy,us-east-1,admin_user,SIMULATED
1522,PutBucketPolicy,us-east-1,normal_user,SIMULATED
1523,CreateAccessKey,ap-south-1,root,SIMULATED
1524,DisableMFADevice,us-east-1,admin_user,SIMULATED
1525,DisableMFADevice,us-east-1,admin_user,SIMULATED
1526,PutBucketPolicy,us-east-1,root,SIMULATED
1527,PutBucketPolicy,ap-south-1,normal_user,SIMULATED
1528,GetObject,ap-south-1,normal_user,SIMULATED
1529,GetObject,us-east-1,normal_user,SIMULATED
1530,DisableMFADevice,eu-west-1,root,SIMULATED
1531,ConsoleLogin,eu-west-1,normal_user,SIMULATED
1532,PutBucketPolicy,us-east-1,root,SIMULATED
1533,DisableMFADevice,eu-west-1,normal_user,SIMULATED
1534,ConsoleLogin,us-east-1,normal_user,SIMULATED
1535,GetObject,us-east-1,root,SIMULATED
1536,ConsoleLoginFailure,eu-west-1,root,SIMULATED
1537,CreatePolicy,eu-west-1,normal_user,SIMULATED
1538,DisableMFADevice,us-east-1,admin_user,SIMULATED
1539,ConsoleLoginFailure,ap-south-1,root,SIMULATED
1540,ConsoleLoginFailure,ap-south-1,root,SIMULATED
1541,DisableMFADevice,eu-west-1,admin_user,SIMULATED
1542,ConsoleLogin,ap-south-1,normal_user,SIMULATED
1543,GetObject,us-east-1,root,SIMULATED
1544,ConsoleLoginFailure,us-east-1,admin_user,SIMULATED
1545,PutBucketPolicy,us-east-1,normal_user,SIMULATED
1546,ConsoleLoginFailure,ap-south-1,normal_user,SIMULATED
1547,CreateAccessKey,us-east-1,admin_user,SIMULATED
1548,PutBucketPolicy,us-east-1,root,SIMULATED
1549,GetObject,eu-west-1,admin_user,SIMULATED
1550,CreatePolicy,ap-south-1,admin_user,SIMULATED
1551,DisableMFADevice,ap-south-1,admin_user,SIMULATED
1552,CreatePolicy,us-east-1,normal_user,SIMULATED
1553,CreateAccessKey,ap-south-1,normal_user,SIMULATED
1554,DisableMFADevice,eu-west-1,admin_user,SIMULATED
1555,ConsoleLoginFailure,ap-south-1,admin_user,SIMULATED
1556,GetObject,ap-south-1,root,SIMULATED
1557,GetObject,eu-west-1,admin_user,SIMULATED
1558,CreatePolicy,ap-south-1,root,SIMULATED
1559,PutBucketPolicy,eu-west-1,root,SIMULATED
1560,ConsoleLogin,us-east-1,root,SIMULATED
1561,PutBucketPolicy,us-east-1,root,SIMULATED
1562,CreateAccessKey,ap-south-1,admin_user,SIMULATED
1563,GetObject,ap-south-1,normal_user,SIMULATED
1564,GetObject,ap-south-1,admin_user,SIMULATED
1565,GetObject,ap-south-1,normal_user,SIMULATED
1566,ConsoleLogin,eu-west-1,normal_user,SIMULATED
1567,DisableMFADevice,ap-south-1,normal_user,SIMULATED
1568,CreateAccessKey,us-east-1,admin_user,SIMULATED
1569,ConsoleLoginFailure,us-east-1,normal_user,SIMULATED
1570,PutBucketPolicy,eu-west-1,admin_user,SIMULATED
1571,ConsoleLoginFailure,us-east-1,admin_user,SIMULATED
1572,CreatePolicy,ap-south-1,root,SIMULATED
1573,PutBucketPolicy,ap-south-1,admin_user,SIMULATED
1574,PutBucketPolicy,eu-west-1,root,SIMULATED
1575,ConsoleLogin,eu-west-1,normal_user,SIMULATED
1576,CreateAccessKey,us-east-1,root,SIMULATED
1577,GetObject,eu-west-1,normal_user,SIMULATED
1578,ConsoleLoginFailure,eu-west-1,admin_user,SIMULATED
1579,ConsoleLogin,ap-south-1,normal_user,SIMULATED
1580,CreatePolicy,ap-south-1,normal_user,SIMULATED
1581,CreateAccessKey,us-east-1,root,SIMULATED
1582,PutBucketPolicy,us-east-1,root,SIMULATED
1583,CreatePolicy,us-east-1,normal_user,SIMULATED
1584,ConsoleLogin,us-east-1,root,SIMULATED
1585,GetObject,eu-west-1,admin_user,SIMULATED
1586,CreatePolicy,us-east-1,normal_user,SIMULATED
1587,DisableMFADevice,eu-west-1,admin_user,SIMULATED
1588,DisableMFADevice,ap-south-1,admin_user,SIMULATED
1589,DisableMFADevice,ap-south-1,admin_user,SIMULATED
1590,GetObject,eu-west-1,admin_user,SIMULATED
1591,DisableMFADevice,us-east-1,admin_user,SIMULATED
1592,GetObject,us-east-1,root,SIMULATED
1593,GetObject,us-east-1,normal_user,SIMULATED
1594,ConsoleLoginFailure,eu-west-1,normal_user,SIMULATED
1595,ConsoleLoginFailure,eu-west-1,root,SIMULATED
1596,ConsoleLoginFailure,us-east-1,admin_user,SIMULATED
1597,CreateAccessKey,ap-south-1,normal_user,SIMULATED
1598,ConsoleLogin,eu-west-1,root,SIMULATED
1599,CreatePolicy,ap-south-1,normal_user,SIMULATED
1600,DisableMFADevice,eu-west-1,root,SIMULATED
1601,ConsoleLoginFailure,us-east-1,normal_user,SIMULATED
1602,ConsoleLogin,eu-west-1,admin_user,SIMULATED
1603,ConsoleLoginFailure,ap-south-1,root,SIMULATED
1604,GetObject,eu-west-1,admin_user,SIMULATED
1605,CreatePolicy,us-east-1,root,SIMULATED
1606,PutBucketPolicy,us-east-1,root,SIMULATED
1607,DisableMFADevice,eu-west-1,normal_user,SIMULATED
1608,ConsoleLogin,us-east-1,admin_user,SIMULATED
1609,ConsoleLoginFailure,ap-south-1,normal_user,SIMULATED
1610,DisableMFADevice,ap-south-1,normal_user,SIMULATED
1611,PutBucketPolicy,us-east-1,normal_user,SIMULATED
1612,ConsoleLogin,ap-south-1,admin_user,SIMULATED
1613,GetObject,us-east-1,admin_user,SIMULATED
1614,CreatePolicy,us-east-1,admin_user,SIMULATED
1615,ConsoleLogin,ap-south-1,admin_user,SIMULATED
1616,GetObject,ap-south-1,admin_user,SIMULATED
1617,PutBucketPolicy,ap-south-1,admin_user,SIMULATED
1618,ConsoleLogin,ap-south-1,normal_user,SIMULATED
1619,CreatePolicy,ap-south-1,normal_user,SIMULATED
1620,ConsoleLogin,ap-south-1,normal_user,SIMULATED
1621,CreateAccessKey,us-east-1,admin_user,SIMULATED
1622,DisableMFADevice,eu-west-1,admin_user,SIMULATED
1623,GetObject,ap-south-1,admin_user,SIMULATED
1624,CreateAccessKey,us-east-1,root,SIMULATED
1625,ConsoleLogin,eu-west-1,root,SIMULATED
1626,DisableMFADevice,us-east-1,root,SIMULATED
1627,DisableMFADevice,ap-south-1,normal_user,SIMULATED
1628,CreatePolicy,us-east-1,root,SIMULATED
1629,ConsoleLogin,ap-south-1,admin_user,SIMULATED
1630,DisableMFADevice,ap-south-1,root,SIMULATED
1631,DisableMFADevice,eu-west-1,root,SIMULATED
1632,DisableMFADevice,us-east-1,root,SIMULATED
1633,CreateAccessKey,us-east-1,admin_user,SIMULATED
1634,DisableMFADevice,eu-west-1,admin_user,SIMULATED
1635,CreatePolicy,eu-west-1,admin_user,SIMULATED
1636,ConsoleLoginFailure,us-east-1,root,SIMULATED
1637,CreateAccessKey,ap-south-1,normal_user,SIMULATED
1638,ConsoleLoginFailure,eu-west-1,normal_user,SIMULATED
1639,DisableMFADevice,ap-south-1,normal_user,SIMULATED
1640,DisableMFADevice,eu-west-1,root,SIMULATED
1641,PutBucketPolicy,us-east-1,root,SIMULATED
1642,CreatePolicy,us-east-1,admin_user,SIMULATED
1643,GetObject,ap-south-1,admin_user,SIMULATED
1644,CreatePolicy,ap-south-1,admin_user,SIMULATED
1645,CreateAccessKey,us-east-1,normal_user,SIMULATED
1646,CreateAccessKey,ap-south-1,admin_user,SIMULATED
1647,CreateAccessKey,ap-south-1,admin_user,SIMULATED
1648,PutBucketPolicy,eu-west-1,normal_user,SIMULATED
1649,DisableMFADevice,ap-south-1,normal_user,SIMULATED
1650,PutBucketPolicy,eu-west-1,root,SIMULATED
1651,GetObject,ap-south-1,root,SIMULATED
1652,CreateAccessKey,ap-south-1,normal_user,SIMULATED
1653,ConsoleLoginFailure,us-east-1,root,SIMULATED
1654,GetObject,eu-west-1,normal_user,SIMULATED
1655,GetObject,ap-south-1,normal_user,SIMULATED
1656,CreatePolicy,ap-south-1,root,SIMULATED
1657,ConsoleLoginFailure,eu-west-1,normal_user,SIMULATED
1658,ConsoleLogin,eu-west-1,normal_user,SIMULATED
1659,ConsoleLogin,ap-south-1,normal_user,SIMULATED
1660,DisableMFADevice,ap-south-1,normal_user,SIMULATED
1661,ConsoleLoginFailure,ap-south-1,normal_user,SIMULATED
1662,GetObject,ap-south-1,admin_user,SIMULATED
1663,ConsoleLogin,us-east-1,root,SIMULATED
1664,ConsoleLoginFailure,ap-south-1,normal_user,SIMULATED
1665,CreatePolicy,eu-west-1,normal_user,SIMULATED
1666,GetObject,eu-west-1,normal_user,SIMULATED
1667,ConsoleLogin,us-east-1,root,SIMULATED
1668,CreateAccessKey,us-east-1,admin_user,SIMULATED
1669,ConsoleLogin,us-east-1,normal_user,SIMULATED
1670,CreateAccessKey,ap-south-1,admin_user,SIMULATED
1671,ConsoleLogin,us-east-1,normal_user,SIMULATED
1672,ConsoleLogin,ap-south-1,normal_user,SIMULATED
1673,ConsoleLoginFailure,eu-west-1,root,SIMULATED
1674,GetObject,eu-west-1,admin_user,SIMULATED
1675,ConsoleLoginFailure,eu-west-1,admin_user,SIMULATED
1676,CreatePolicy,us-east-1,admin_user,SIMULATED
1677,PutBucketPolicy,ap-south-1,normal_user,SIMULATED
1678,CreatePolicy,eu-west-1,admin_user,SIMULATED
1679,ConsoleLoginFailure,eu-west-1,root,SIMULATED
1680,PutBucketPolicy,us-east-1,normal_user,SIMULATED
1681,ConsoleLogin,us-east-1,normal_user,SIMULATED
1682,CreatePolicy,ap-south-1,admin_user,SIMULATED
1683,ConsoleLogin,us-east-1,root,SIMULATED
1684,ConsoleLogin,us-east-1,admin_user,SIMULATED
1685,CreatePolicy,eu-west-1,normal_user,SIMULATED
1686,PutBucketPolicy,ap-south-1,root,SIMULATED
1687,GetObject,eu-west-1,normal_user,SIMULATED
1688,PutBucketPolicy,us-east-1,root,SIMULATED
1689,ConsoleLogin,eu-west-1,admin_user,SIMULATED
1690,PutBucketPolicy,ap-south-1,root,SIMULATED
1691,PutBucketPolicy,eu-west-1,admin_user,SIMULATED
1692,DisableMFADevice,us-east-1,normal_user,SIMULATED
1693,CreatePolicy,eu-west-1,normal_user,SIMULATED
1694,CreatePolicy,eu-west-1,root,SIMULATED
1695,CreatePolicy,ap-south-1,normal_user,SIMULATED
1696,PutBucketPolicy,us-east-1,admin_user,SIMULATED
1697,CreatePolicy,eu-west-1,normal_user,SIMULATED
1698,ConsoleLogin,us-east-1,root,SIMULATED
1699,CreateAccessKey,eu-west-1,normal_user,SIMULATED
1700,CreateAccessKey,ap-south-1,root,SIMULATED
1701,ConsoleLogin,eu-west-1,normal_user,SIMULATED
1702,ConsoleLoginFailure,us-east-1,admin_user,SIMULATED
1703,DisableMFADevice,us-east-1,admin_user,SIMULATED
1704,PutBucketPolicy,eu-west-1,root,SIMULATED
1705,CreatePolicy,ap-south-1,normal_user,SIMULATED
1706,DisableMFADevice,us-east-1,root,SIMULATED
1707,ConsoleLogin,eu-west-1,normal_user,SIMULATED
1708,GetObject,ap-south-1,normal_user,SIMULATED
1709,PutBucketPolicy,eu-west-1,normal_user,SIMULATED
1710,CreateAccessKey,eu-west-1,normal_user,SIMULATED
1711,CreateAccessKey,eu-west-1,root,SIMULATED
1712,CreatePolicy,us-east-1,root,SIMULATED
1713,GetObject,us-east-1,root,SIMULATED
1714,ConsoleLogin,us-east-1,root,SIMULATED
1715,PutBucketPolicy,eu-west-1,root,SIMULATED
1716,PutBucketPolicy,eu-west-1,normal_user,SIMULATED
1717,DisableMFADevice,eu-west-1,normal_user,SIMULATED
1718,CreateAccessKey,ap-south-1,normal_user,SIMULATED
1719,GetObject,us-east-1,root,SIMULATED
1720,ConsoleLogin,ap-south-1,admin_user,SIMULATED
1721,CreatePolicy,eu-west-1,root,SIMULATED
1722,ConsoleLogin,eu-west-1,root,SIMULATED
1723,ConsoleLogin,us-east-1,root,SIMULATED
1724,ConsoleLogin,eu-west-1,admin_user,SIMULATED
1725,PutBucketPolicy,ap-south-1,admin_user,SIMULATED
1726,ConsoleLogin,eu-west-1,admin_user,SIMULATED
1727,CreatePolicy,ap-south-1,admin_user,SIMULATED
1728,ConsoleLogin,us-east-1,normal_user,SIMULATED
1729,GetObject,eu-west-1,normal_user,SIMULATED
1730,ConsoleLogin,ap-south-1,normal_user,SIMULATED
1731,ConsoleLogin,eu-west-1,root,SIMULATED
1732,DisableMFADevice,eu-west-1,root,SIMULATED
1733,PutBucketPolicy,ap-south-1,admin_user,SIMULATED
1734,DisableMFADevice,us-east-1,root,SIMULATED
1735,ConsoleLoginFailure,eu-west-1,admin_user,SIMULATED
1736,CreatePolicy,ap-south-1,normal_user,SIMULATED
1737,GetObject,eu-west-1,admin_user,SIMULATED
1738,ConsoleLogin,us-east-1,root,SIMULATED
1739,DisableMFADevice,us-east-1,normal_user,SIMULATED
1740,ConsoleLogin,ap-south-1,normal_user,SIMULATED
1741,ConsoleLoginFailure,eu-west-1,admin_user,SIMULATED
1742,CreatePolicy,eu-west-1,root,SIMULATED
1743,CreatePolicy,ap-south-1,normal_user,SIMULATED
1744,PutBucketPolicy,us-east-1,admin_user,SIMULATED
1745,CreatePolicy,eu-west-1,normal_user,SIMULATED
1746,CreateAccessKey,eu-west-1,admin_user,SIMULATED
1747,ConsoleLoginFailure,us-east-1,root,SIMULATED
1748,ConsoleLogin,eu-west-1,admin_user,SIMULATED
1749,GetObject,us-east-1,root,SIMULATED
1750,PutBucketPolicy,us-east-1,admin_user,SIMULATED
1751,CreateAccessKey,eu-west-1,root,SIMULATED
1752,DisableMFADevice,us-east-1,admin_user,SIMULATED
1753,ConsoleLoginFailure,us-east-1,admin_user,SIMULATED
1754,ConsoleLogin,ap-south-1,normal_user,SIMULATED
1755,DisableMFADevice,eu-west-1,admin_user,SIMULATED
1756,GetObject,eu-west-1,admin_user,SIMULATED
1757,DisableMFADevice,ap-south-1,normal_user,SIMULATED
1758,ConsoleLogin,ap-south-1,root,SIMULATED
1759,ConsoleLogin,us-east-1,root,SIMULATED
1760,CreateAccessKey,ap-south-1,admin_user,SIMULATED
1761,GetObject,eu-west-1,root,SIMULATED
1762,ConsoleLoginFailure,ap-south-1,root,SIMULATED
1763,CreateAccessKey,eu-west-1,admin_user,SIMULATED
1764,CreatePolicy,eu-west-1,admin_user,SIMULATED
1765,ConsoleLogin,us-east-1,root,SIMULATED
1766,GetObject,ap-south-1,admin_user,SIMULATED
1767,GetObject,us-east-1,admin_user,SIMULATED
1768,DisableMFADevice,ap-south-1,root,SIMULATED
1769,GetObject,ap-south-1,normal_user,SIMULATED
1770,GetObject,eu-west-1,normal_user,SIMULATED
1771,PutBucketPolicy,ap-south-1,root,SIMULATED
1772,DisableMFADevice,ap-south-1,admin_user,SIMULATED
1773,DisableMFADevice,eu-west-1,root,SIMULATED
1774,DisableMFADevice,ap-south-1,root,SIMULATED
1775,DisableMFADevice,us-east-1,normal_user,SIMULATED
1776,ConsoleLogin,ap-south-1,admin_user,SIMULATED
1777,DisableMFADevice,us-east-1,admin_user,SIMULATED
1778,PutBucketPolicy,us-east-1,normal_user,SIMULATED
1779,ConsoleLogin,ap-south-1,admin_user,SIMULATED
1780,GetObject,ap-south-1,admin_user,SIMULATED
1781,ConsoleLoginFailure,us-east-1,admin_user,SIMULATED
1782,CreateAccessKey,us-east-1,admin_user,SIMULATED
1783,DisableMFADevice,eu-west-1,normal_user,SIMULATED
1784,CreatePolicy,eu-west-1,root,SIMULATED
1785,PutBucketPolicy,eu-west-1,normal_user,SIMULATED
1786,GetObject,ap-south-1,normal_user,SIMULATED
1787,ConsoleLogin,eu-west-1,root,SIMULATED
1788,DisableMFADevice,eu-west-1,root,SIMULATED
1789,ConsoleLoginFailure,eu-west-1,normal_user,SIMULATED
1790,CreateAccessKey,eu-west-1,normal_user,SIMULATED
1791,ConsoleLoginFailure,ap-south-1,root,SIMULATED
1792,CreatePolicy,eu-west-1,admin_user,SIMULATED
1793,ConsoleLogin,ap-south-1,admin_user,SIMULATED
1794,GetObject,us-east-1,normal_user,SIMULATED
1795,CreatePolicy,ap-south-1,root,SIMULATED
1796,CreatePolicy,eu-west-1,normal_user,SIMULATED
1797,GetObject,ap-south-1,root,SIMULATED
1798,CreateAccessKey,ap-south-1,admin_user,SIMULATED
1799,ConsoleLoginFailure,eu-west-1,root,SIMULATED
1800,PutBucketPolicy,ap-south-1,normal_user,SIMULATED
1801,ConsoleLoginFailure,ap-south-1,root,SIMULATED
1802,CreatePolicy,ap-south-1,normal_user,SIMULATED
1803,PutBucketPolicy,ap-south-1,admin_user,SIMULATED
1804,PutBucketPolicy,eu-west-1,root,SIMULATED
1805,GetObject,eu-west-1,admin_user,SIMULATED
1806,ConsoleLoginFailure,ap-south-1,root,SIMULATED
1807,PutBucketPolicy,eu-west-1,admin_user,SIMULATED
1808,GetObject,eu-west-1,root,SIMULATED
1809,ConsoleLoginFailure,us-east-1,root,SIMULATED
1810,DisableMFADevice,eu-west-1,normal_user,SIMULATED
1811,DisableMFADevice,us-east-1,admin_user,SIMULATED
1812,GetObject,eu-west-1,root,SIMULATED
1813,ConsoleLoginFailure,eu-west-1,admin_user,SIMULATED
1814,PutBucketPolicy,ap-south-1,admin_user,SIMULATED
1815,CreateAccessKey,eu-west-1,normal_user,SIMULATED
1816,CreatePolicy,ap-south-1,root,SIMULATED
1817,GetObject,us-east-1,normal_user,SIMULATED
1818,ConsoleLogin,us-east-1,root,SIMULATED
1819,ConsoleLogin,eu-west-1,root,SIMULATED
1820,CreateAccessKey,us-east-1,admin_user,SIMULATED
1821,CreatePolicy,us-east-1,root,SIMULATED
1822,DisableMFADevice,us-east-1,root,SIMULATED
1823,CreatePolicy,ap-south-1,root,SIMULATED
1824,CreateAccessKey,us-east-1,normal_user,SIMULATED
1825,CreateAccessKey,us-east-1,admin_user,SIMULATED
1826,CreatePolicy,eu-west-1,root,SIMULATED
1827,PutBucketPolicy,eu-west-1,admin_user,SIMULATED
1828,CreateAccessKey,eu-west-1,normal_user,SIMULATED
1829,ConsoleLoginFailure,eu-west-1,root,SIMULATED
1830,DisableMFADevice,us-east-1,normal_user,SIMULATED
1831,PutBucketPolicy,us-east-1,normal_user,SIMULATED
1832,CreatePolicy,us-east-1,normal_user,SIMULATED
1833,ConsoleLogin,us-east-1,root,SIMULATED
1834,CreateAccessKey,us-east-1,normal_user,SIMULATED
1835,CreateAccessKey,ap-south-1,root,SIMULATED
1836,ConsoleLoginFailure,eu-west-1,normal_user,SIMULATED
1837,ConsoleLogin,eu-west-1,admin_user,SIMULATED
1838,DisableMFADevice,ap-south-1,normal_user,SIMULATED
1839,CreatePolicy,ap-south-1,root,SIMULATED
1840,GetObject,ap-south-1,normal_user,SIMULATED
1841,GetObject,ap-south-1,admin_user,SIMULATED
1842,PutBucketPolicy,ap-south-1,root,SIMULATED
1843,ConsoleLogin,ap-south-1,admin_user,SIMULATED
1844,ConsoleLoginFailure,us-east-1,normal_user,SIMULATED
1845,CreateAccessKey,eu-west-1,root,SIMULATED
1846,PutBucketPolicy,ap-south-1,root,SIMULATED
1847,ConsoleLoginFailure,ap-south-1,root,SIMULATED
1848,CreateAccessKey,eu-west-1,root,SIMULATED
1849,CreateAccessKey,eu-west-1,root,SIMULATED
1850,CreateAccessKey,ap-south-1,admin_user,SIMULATED
1851,GetObject,ap-south-1,root,SIMULATED
1852,ConsoleLoginFailure,ap-south-1,normal_user,SIMULATED
1853,PutBucketPolicy,eu-west-1,normal_user,SIMULATED
1854,ConsoleLogin,ap-south-1,admin_user,SIMULATED
1855,CreatePolicy,eu-west-1,normal_user,SIMULATED
1856,PutBucketPolicy,us-east-1,normal_user,SIMULATED
1857,DisableMFADevice,ap-south-1,admin_user,SIMULATED
1858,GetObject,us-east-1,normal_user,SIMULATED
1859,ConsoleLoginFailure,ap-south-1,normal_user,SIMULATED
1860,GetObject,eu-west-1,admin_user,SIMULATED
1861,ConsoleLogin,us-east-1,root,SIMULATED
1862,CreateAccessKey,eu-west-1,admin_user,SIMULATED
1863,ConsoleLogin,us-east-1,normal_user,SIMULATED
1864,PutBucketPolicy,eu-west-1,root,SIMULATED
1865,ConsoleLoginFailure,ap-south-1,admin_user,SIMULATED
1866,PutBucketPolicy,eu-west-1,root,SIMULATED
1867,GetObject,eu-west-1,admin_user,SIMULATED
1868,GetObject,us-east-1,root,SIMULATED
1869,ConsoleLogin,us-east-1,root,SIMULATED
1870,CreatePolicy,us-east-1,root,SIMULATED
1871,ConsoleLogin,ap-south-1,normal_user,SIMULATED
1872,GetObject,us-east-1,normal_user,SIMULATED
1873,CreateAccessKey,ap-south-1,normal_user,SIMULATED
1874,ConsoleLogin,ap-south-1,normal_user,SIMULATED
1875,ConsoleLoginFailure,ap-south-1,admin_user,SIMULATED
1876,GetObject,ap-south-1,root,SIMULATED
1877,ConsoleLogin,eu-west-1,root,SIMULATED
1878,PutBucketPolicy,eu-west-1,normal_user,SIMULATED
1879,CreateAccessKey,ap-south-1,root,SIMULATED
1880,ConsoleLogin,ap-south-1,normal_user,SIMULATED
1881,CreatePolicy,eu-west-1,admin_user,SIMULATED
1882,DisableMFADevice,ap-south-1,normal_user,SIMULATED
1883,PutBucketPolicy,eu-west-1,normal_user,SIMULATED
1884,PutBucketPolicy,ap-south-1,admin_user,SIMULATED
1885,CreateAccessKey,ap-south-1,root,SIMULATED
1886,CreateAccessKey,ap-south-1,root,SIMULATED
1887,ConsoleLoginFailure,us-east-1,normal_user,SIMULATED
1888,PutBucketPolicy,ap-south-1,root,SIMULATED
1889,GetObject,us-east-1,admin_user,SIMULATED
1890,GetObject,eu-west-1,root,SIMULATED
1891,CreateAccessKey,ap-south-1,admin_user,SIMULATED
1892,PutBucketPolicy,eu-west-1,admin_user,SIMULATED
1893,PutBucketPolicy,ap-south-1,admin_user,SIMULATED
1894,CreateAccessKey,ap-south-1,normal_user,SIMULATED
1895,PutBucketPolicy,ap-south-1,admin_user,SIMULATED
1896,CreatePolicy,us-east-1,root,SIMULATED
1897,CreatePolicy,ap-south-1,normal_user,SIMULATED
1898,ConsoleLoginFailure,eu-west-1,normal_user,SIMULATED
1899,PutBucketPolicy,ap-south-1,root,SIMULATED
1900,CreatePolicy,eu-west-1,normal_user,SIMULATED
1901,ConsoleLogin,us-east-1,root,SIMULATED
1902,GetObject,eu-west-1,root,SIMULATED
1903,CreatePolicy,us-east-1,root,SIMULATED
1904,CreateAccessKey,us-east-1,normal_user,SIMULATED
1905,PutBucketPolicy,us-east-1,root,SIMULATED
1906,PutBucketPolicy,us-east-1,normal_user,SIMULATED
1907,ConsoleLoginFailure,ap-south-1,admin_user,SIMULATED
1908,DisableMFADevice,us-east-1,normal_user,SIMULATED
1909,PutBucketPolicy,ap-south-1,admin_user,SIMULATED
1910,ConsoleLoginFailure,ap-south-1,admin_user,SIMULATED
1911,PutBucketPolicy,ap-south-1,admin_user,SIMULATED
1912,ConsoleLoginFailure,ap-south-1,normal_user,SIMULATED
1913,CreatePolicy,ap-south-1,admin_user,SIMULATED
1914,PutBucketPolicy,eu-west-1,admin_user,SIMULATED
1915,GetObject,ap-south-1,normal_user,SIMULATED
1916,CreateAccessKey,us-east-1,normal_user,SIMULATED
1917,CreatePolicy,eu-west-1,root,SIMULATED
1918,DisableMFADevice,eu-west-1,normal_user,SIMULATED
1919,DisableMFADevice,eu-west-1,admin_user,SIMULATED
1920,ConsoleLogin,ap-south-1,root,SIMULATED
1921,PutBucketPolicy,ap-south-1,root,SIMULATED
1922,CreatePolicy,eu-west-1,root,SIMULATED
1923,PutBucketPolicy,us-east-1,normal_user,SIMULATED
1924,GetObject,us-east-1,root,SIMULATED
1925,PutBucketPolicy,eu-west-1,admin_user,SIMULATED
1926,PutBucketPolicy,eu-west-1,root,SIMULATED
1927,GetObject,eu-west-1,root,SIMULATED
1928,DisableMFADevice,eu-west-1,admin_user,SIMULATED
1929,ConsoleLoginFailure,ap-south-1,root,SIMULATED
1930,PutBucketPolicy,eu-west-1,admin_user,SIMULATED
1931,DisableMFADevice,us-east-1,normal_user,SIMULATED
1932,ConsoleLoginFailure,eu-west-1,admin_user,SIMULATED
1933,DisableMFADevice,eu-west-1,admin_user,SIMULATED
1934,CreateAccessKey,us-east-1,admin_user,SIMULATED
1935,CreatePolicy,us-east-1,root,SIMULATED
1936,ConsoleLoginFailure,ap-south-1,normal_user,SIMULATED
1937,DisableMFADevice,eu-west-1,root,SIMULATED
1938,GetObject,ap-south-1,admin_user,SIMULATED
1939,ConsoleLogin,eu-west-1,normal_user,SIMULATED
1940,GetObject,eu-west-1,normal_user,SIMULATED
1941,ConsoleLogin,us-east-1,root,SIMULATED
1942,DisableMFADevice,us-east-1,root,SIMULATED
1943,GetObject,us-east-1,normal_user,SIMULATED
1944,ConsoleLoginFailure,ap-south-1,admin_user,SIMULATED
1945,ConsoleLogin,eu-west-1,normal_user,SIMULATED
1946,CreatePolicy,eu-west-1,root,SIMULATED
1947,GetObject,us-east-1,root,SIMULATED
1948,ConsoleLogin,eu-west-1,normal_user,SIMULATED
1949,ConsoleLogin,ap-south-1,root,SIMULATED
1950,CreatePolicy,ap-south-1,root,SIMULATED
1951,CreateAccessKey,us-east-1,normal_user,SIMULATED
1952,CreateAccessKey,ap-south-1,root,SIMULATED
1953,CreatePolicy,ap-south-1,root,SIMULATED
1954,GetObject,ap-south-1,admin_user,SIMULATED
1955,GetObject,us-east-1,admin_user,SIMULATED
1956,CreatePolicy,us-east-1,root,SIMULATED
1957,DisableMFADevice,ap-south-1,admin_user,SIMULATED
1958,PutBucketPolicy,us-east-1,admin_user,SIMULATED
1959,CreateAccessKey,us-east-1,admin_user,SIMULATED
1960,PutBucketPolicy,eu-west-1,normal_user,SIMULATED
1961,ConsoleLoginFailure,us-east-1,root,SIMULATED
1962,ConsoleLoginFailure,us-east-1,admin_user,SIMULATED
1963,ConsoleLoginFailure,us-east-1,normal_user,SIMULATED
1964,CreateAccessKey,eu-west-1,normal_user,SIMULATED
1965,ConsoleLogin,us-east-1,admin_user,SIMULATED
1966,CreatePolicy,ap-south-1,admin_user,SIMULATED
1967,GetObject,ap-south-1,root,SIMULATED
1968,CreateAccessKey,us-east-1,admin_user,SIMULATED
1969,ConsoleLoginFailure,eu-west-1,root,SIMULATED
1970,ConsoleLoginFailure,eu-west-1,root,SIMULATED
1971,GetObject,ap-south-1,admin_user,SIMULATED
1972,DisableMFADevice,us-east-1,admin_user,SIMULATED
1973,CreateAccessKey,us-east-1,root,SIMULATED
1974,PutBucketPolicy,eu-west-1,normal_user,SIMULATED
1975,DisableMFADevice,ap-south-1,normal_user,SIMULATED
1976,PutBucketPolicy,ap-south-1,admin_user,SIMULATED
1977,DisableMFADevice,us-east-1,normal_user,SIMULATED
1978,ConsoleLoginFailure,us-east-1,root,SIMULATED
1979,ConsoleLogin,eu-west-1,normal_user,SIMULATED
1980,CreatePolicy,eu-west-1,root,SIMULATED
1981,ConsoleLogin,ap-south-1,root,SIMULATED
1982,GetObject,ap-south-1,normal_user,SIMULATED
1983,CreatePolicy,us-east-1,root,SIMULATED
1984,ConsoleLogin,ap-south-1,admin_user,SIMULATED
1985,CreatePolicy,ap-south-1,normal_user,SIMULATED
1986,ConsoleLoginFailure,eu-west-1,root,SIMULATED
1987,ConsoleLogin,ap-south-1,normal_user,SIMULATED
1988,DisableMFADevice,us-east-1,root,SIMULATED
1989,ConsoleLogin,us-east-1,root,SIMULATED
1990,PutBucketPolicy,eu-west-1,admin_user,SIMULATED
1991,CreateAccessKey,us-east-1,normal_user,SIMULATED
1992,GetObject,us-east-1,root,SIMULATED
1993,CreateAccessKey,ap-south-1,normal_user,SIMULATED
1994,DisableMFADevice,us-east-1,root,SIMULATED
1995,ConsoleLogin,us-east-1,admin_user,SIMULATED
1996,CreatePolicy,us-east-1,root,SIMULATED
1997,DisableMFADevice,eu-west-1,root,SIMULATED
1998,GetObject,us-east-1,root,SIMULATED
1999,CreateAccessKey,eu-west-1,admin_user,SIMULATED
2000,CreateAccessKey,ap-south-1,admin_user,SIMULATED
